2026-04-29 18:31:15,464 INFO o.a.j.u.JMeterUtils: Setting Locale to en_EN
2026-04-29 18:31:15,500 INFO o.a.j.JMeter: Loading user properties from: /usr/local/Cellar/jmeter/5.6.3/libexec/bin/user.properties
2026-04-29 18:31:15,501 INFO o.a.j.JMeter: Loading system properties from: /usr/local/Cellar/jmeter/5.6.3/libexec/bin/system.properties
2026-04-29 18:31:15,508 INFO o.a.j.JMeter: Copyright (c) 1998-2024 The Apache Software Foundation
2026-04-29 18:31:15,508 INFO o.a.j.JMeter: Version 5.6.3
2026-04-29 18:31:15,508 INFO o.a.j.JMeter: java.version=21.0.8
2026-04-29 18:31:15,508 INFO o.a.j.JMeter: java.vm.name=OpenJDK 64-Bit Server VM
2026-04-29 18:31:15,509 INFO o.a.j.JMeter: os.name=Mac OS X
2026-04-29 18:31:15,509 INFO o.a.j.JMeter: os.arch=x86_64
2026-04-29 18:31:15,509 INFO o.a.j.JMeter: os.version=15.7.4
2026-04-29 18:31:15,509 INFO o.a.j.JMeter: file.encoding=UTF-8
2026-04-29 18:31:15,509 INFO o.a.j.JMeter: java.awt.headless=true
2026-04-29 18:31:15,509 INFO o.a.j.JMeter: Max memory     =1073741824
2026-04-29 18:31:15,509 INFO o.a.j.JMeter: Available Processors =8
2026-04-29 18:31:15,521 INFO o.a.j.JMeter: Default Locale=English (EN)
2026-04-29 18:31:15,521 INFO o.a.j.JMeter: JMeter  Locale=English (EN)
2026-04-29 18:31:15,521 INFO o.a.j.JMeter: JMeterHome=/usr/local/Cellar/jmeter/5.6.3/libexec
2026-04-29 18:31:15,521 INFO o.a.j.JMeter: user.dir  =/Users/mac2019/Desktop/pos
2026-04-29 18:31:15,522 INFO o.a.j.JMeter: PWD       =/Users/mac2019/Desktop/pos
2026-04-29 18:31:15,523 INFO o.a.j.JMeter: IP: 127.0.0.1 Name: MacBook-Pro-cua-Son.local FullName: localhost
2026-04-29 18:31:15,543 INFO o.a.j.JMeter: Setting property 'jmeter.reportgenerator.outputdir' to:'/Users/mac2019/Desktop/pos/html-report'
2026-04-29 18:31:15,546 INFO o.a.j.s.FileServer: Default base='/Users/mac2019/Desktop/pos'
2026-04-29 18:31:15,549 INFO o.a.j.s.FileServer: Set new base='/Users/mac2019/Desktop/pos/boost/jmeter'
2026-04-29 18:31:15,791 INFO o.a.j.s.SaveService: Testplan (JMX) version: 2.2. Testlog (JTL) version: 2.2
2026-04-29 18:31:15,831 INFO o.a.j.s.SaveService: Using SaveService properties version 5.0
2026-04-29 18:31:15,834 INFO o.a.j.s.SaveService: Using SaveService properties file encoding UTF-8
2026-04-29 18:31:15,838 INFO o.a.j.s.SaveService: Loading file: boost/jmeter/benchmark.jmx
2026-04-29 18:31:15,916 INFO o.a.j.p.h.s.HTTPSamplerBase: Parser for text/html is org.apache.jmeter.protocol.http.parser.LagartoBasedHtmlParser
2026-04-29 18:31:15,916 INFO o.a.j.p.h.s.HTTPSamplerBase: Parser for application/xhtml+xml is org.apache.jmeter.protocol.http.parser.LagartoBasedHtmlParser
2026-04-29 18:31:15,916 INFO o.a.j.p.h.s.HTTPSamplerBase: Parser for application/xml is org.apache.jmeter.protocol.http.parser.LagartoBasedHtmlParser
2026-04-29 18:31:15,916 INFO o.a.j.p.h.s.HTTPSamplerBase: Parser for text/xml is org.apache.jmeter.protocol.http.parser.LagartoBasedHtmlParser
2026-04-29 18:31:15,916 INFO o.a.j.p.h.s.HTTPSamplerBase: Parser for text/vnd.wap.wml is org.apache.jmeter.protocol.http.parser.RegexpHTMLParser
2026-04-29 18:31:15,917 INFO o.a.j.p.h.s.HTTPSamplerBase: Parser for text/css is org.apache.jmeter.protocol.http.parser.CssParser
2026-04-29 18:31:15,965 INFO o.a.j.JMeter: Creating summariser <summary>
2026-04-29 18:31:15,971 INFO o.a.j.r.d.ReportGenerator: ReportGenerator will use for Parsing the separator: ','
2026-04-29 18:31:15,971 INFO o.a.j.r.d.ReportGenerator: Will generate report at end of test from  results file: results.jtl
2026-04-29 18:31:15,971 INFO o.a.j.r.d.ReportGenerator: Reading report generator properties from: /usr/local/Cellar/jmeter/5.6.3/libexec/bin/reportgenerator.properties
2026-04-29 18:31:15,972 INFO o.a.j.r.d.ReportGenerator: Merging with JMeter properties
2026-04-29 18:31:15,976 INFO o.a.j.r.c.ReportGeneratorConfiguration: Property 'jmeter.reportgenerator.temp_dir' not found, using default value 'temp' instead.
2026-04-29 18:31:15,978 INFO o.a.j.r.c.ReportGeneratorConfiguration: Property 'jmeter.reportgenerator.apdex_per_transaction' not found, using default value 'null' instead.
2026-04-29 18:31:15,978 INFO o.a.j.r.c.ReportGeneratorConfiguration: apdex_per_transaction is empty, not APDEX per transaction customization
2026-04-29 18:31:15,978 INFO o.a.j.r.c.ReportGeneratorConfiguration: Property 'jmeter.reportgenerator.sample_filter' not found, using default value 'null' instead.
2026-04-29 18:31:15,978 INFO o.a.j.r.c.ReportGeneratorConfiguration: Property 'jmeter.reportgenerator.report_title' not found, using default value 'null' instead.
2026-04-29 18:31:15,979 INFO o.a.j.r.c.ReportGeneratorConfiguration: Property 'jmeter.reportgenerator.start_date' not found, using default value 'null' instead.
2026-04-29 18:31:15,979 INFO o.a.j.r.c.ReportGeneratorConfiguration: Property 'jmeter.reportgenerator.end_date' not found, using default value 'null' instead.
2026-04-29 18:31:15,979 INFO o.a.j.r.c.ReportGeneratorConfiguration: Property 'jmeter.reportgenerator.date_format' not found, using default value 'null' instead.
2026-04-29 18:31:15,979 INFO o.a.j.r.c.ReportGeneratorConfiguration: Will use date range start date: null, end date: null
2026-04-29 18:31:15,983 INFO o.a.j.r.c.ReportGeneratorConfiguration: Property 'jmeter.reportgenerator.graph.totalTPS.exclude_controllers' not found, using default value 'false' instead.
2026-04-29 18:31:15,983 INFO o.a.j.r.c.ReportGeneratorConfiguration: Property 'jmeter.reportgenerator.graph.activeThreadsOverTime.exclude_controllers' not found, using default value 'false' instead.
2026-04-29 18:31:15,983 INFO o.a.j.r.c.ReportGeneratorConfiguration: Property 'jmeter.reportgenerator.graph.timeVsThreads.exclude_controllers' not found, using default value 'false' instead.
2026-04-29 18:31:15,984 INFO o.a.j.r.c.ReportGeneratorConfiguration: Property 'jmeter.reportgenerator.graph.responseTimeDistribution.exclude_controllers' not found, using default value 'false' instead.
2026-04-29 18:31:15,984 INFO o.a.j.r.c.ReportGeneratorConfiguration: Property 'jmeter.reportgenerator.graph.transactionsPerSecond.exclude_controllers' not found, using default value 'false' instead.
2026-04-29 18:31:15,984 INFO o.a.j.r.c.ReportGeneratorConfiguration: Property 'jmeter.reportgenerator.graph.responseTimePercentiles.exclude_controllers' not found, using default value 'false' instead.
2026-04-29 18:31:15,984 INFO o.a.j.r.c.ReportGeneratorConfiguration: Property 'jmeter.reportgenerator.graph.responseTimePercentilesOverTime.exclude_controllers' not found, using default value 'false' instead.
2026-04-29 18:31:15,984 INFO o.a.j.r.c.ReportGeneratorConfiguration: Property 'jmeter.reportgenerator.graph.responseTimesOverTime.exclude_controllers' not found, using default value 'false' instead.
2026-04-29 18:31:15,984 INFO o.a.j.r.c.ReportGeneratorConfiguration: Property 'jmeter.reportgenerator.graph.connectTimeOverTime.exclude_controllers' not found, using default value 'false' instead.
2026-04-29 18:31:15,984 INFO o.a.j.r.c.ReportGeneratorConfiguration: Property 'jmeter.reportgenerator.graph.latenciesOverTime.exclude_controllers' not found, using default value 'false' instead.
2026-04-29 18:31:15,985 INFO o.a.j.r.c.ReportGeneratorConfiguration: Property 'jmeter.reportgenerator.exporter.json.filters_only_sample_series' not found, using default value 'true' instead.
2026-04-29 18:31:15,985 INFO o.a.j.r.c.ReportGeneratorConfiguration: Property 'jmeter.reportgenerator.exporter.json.series_filter' not found, using default value '' instead.
2026-04-29 18:31:15,985 INFO o.a.j.r.c.ReportGeneratorConfiguration: Property 'jmeter.reportgenerator.exporter.json.show_controllers_only' not found, using default value 'false' instead.
2026-04-29 18:31:15,985 INFO o.a.j.r.c.ReportGeneratorConfiguration: Property 'jmeter.reportgenerator.exporter.html.filters_only_sample_series' not found, using default value 'true' instead.
2026-04-29 18:31:15,986 INFO o.a.j.r.c.ReportGeneratorConfiguration: Property 'jmeter.reportgenerator.exporter.html.series_filter' not found, using default value '' instead.
2026-04-29 18:31:15,986 INFO o.a.j.r.c.ReportGeneratorConfiguration: Property 'jmeter.reportgenerator.exporter.html.show_controllers_only' not found, using default value 'false' instead.
2026-04-29 18:31:16,005 INFO o.a.j.e.StandardJMeterEngine: Running the test!
2026-04-29 18:31:16,005 INFO o.a.j.s.SampleEvent: List of sample_variables: []
2026-04-29 18:31:16,005 INFO o.a.j.s.SampleEvent: List of sample_variables: []
2026-04-29 18:31:16,015 INFO o.a.j.e.u.CompoundVariable: Note: Function class names must contain the string: '.functions.'
2026-04-29 18:31:16,015 INFO o.a.j.e.u.CompoundVariable: Note: Function class names must not contain the string: '.gui.'
2026-04-29 18:31:16,108 INFO o.a.j.r.ClassFinder: Will scan jar /usr/local/Cellar/jmeter/5.6.3/libexec/lib/ext/jmeter-plugins-manager-1.9.jar with filter ExtendsClassFilter [parents=[interface org.apache.jmeter.functions.Function], inner=false, contains=null, notContains=null]. Consider exposing JMeter plugins via META-INF/services, and add JMeter-Skip-Class-Scanning=true manifest attribute so JMeter can skip classfile scanning
2026-04-29 18:31:16,243 INFO o.a.j.JMeter: Running test (1777462276243)
2026-04-29 18:31:16,266 INFO o.a.j.e.StandardJMeterEngine: Starting ThreadGroup: 1 : Race Condition - No Lock
2026-04-29 18:31:16,266 INFO o.a.j.e.StandardJMeterEngine: Starting 100 threads for group Race Condition - No Lock.
2026-04-29 18:31:16,267 INFO o.a.j.e.StandardJMeterEngine: Thread will continue on error
2026-04-29 18:31:16,267 INFO o.a.j.t.ThreadGroup: Starting thread group... number=1 threads=100 ramp-up=1 delayedStart=false
2026-04-29 18:31:16,276 INFO o.a.j.t.JMeterThread: Thread started: Race Condition - No Lock 1-1
2026-04-29 18:31:16,280 INFO o.a.j.t.JMeterThread: Thread started: Race Condition - No Lock 1-2
2026-04-29 18:31:16,289 INFO o.a.j.t.JMeterThread: Thread started: Race Condition - No Lock 1-3
2026-04-29 18:31:16,303 INFO o.a.j.p.h.s.HTTPHCAbstractImpl: Local host = MacBook-Pro-cua-Son.local
2026-04-29 18:31:16,303 INFO o.a.j.t.JMeterThread: Thread started: Race Condition - No Lock 1-4
2026-04-29 18:31:16,305 INFO o.a.j.t.ThreadGroup: Started thread group number 1
2026-04-29 18:31:16,305 INFO o.a.j.e.StandardJMeterEngine: Starting ThreadGroup: 2 : Lock Protection - With Redisson
2026-04-29 18:31:16,305 INFO o.a.j.e.StandardJMeterEngine: Starting 100 threads for group Lock Protection - With Redisson.
2026-04-29 18:31:16,305 INFO o.a.j.e.StandardJMeterEngine: Thread will continue on error
2026-04-29 18:31:16,305 INFO o.a.j.t.ThreadGroup: Starting thread group... number=2 threads=100 ramp-up=1 delayedStart=false
2026-04-29 18:31:16,306 INFO o.a.j.t.JMeterThread: Thread started: Lock Protection - With Redisson 2-1
2026-04-29 18:31:16,308 INFO o.a.j.t.JMeterThread: Thread started: Race Condition - No Lock 1-5
2026-04-29 18:31:16,312 INFO o.a.j.p.h.s.HTTPHC4Impl: HTTP request retry count = 0
2026-04-29 18:31:16,314 INFO o.a.j.s.SampleResult: Note: Sample TimeStamps are START times
2026-04-29 18:31:16,314 INFO o.a.j.s.SampleResult: sampleresult.default.encoding is set to UTF-8
2026-04-29 18:31:16,314 INFO o.a.j.s.SampleResult: sampleresult.useNanoTime=true
2026-04-29 18:31:16,314 INFO o.a.j.s.SampleResult: sampleresult.nanoThreadSleep=5000
2026-04-29 18:31:16,316 INFO o.a.j.t.JMeterThread: Thread started: Lock Protection - With Redisson 2-2
2026-04-29 18:31:16,321 INFO o.a.j.t.JMeterThread: Thread started: Race Condition - No Lock 1-6
2026-04-29 18:31:16,325 INFO o.a.j.t.JMeterThread: Thread started: Lock Protection - With Redisson 2-3
2026-04-29 18:31:16,333 INFO o.a.j.t.JMeterThread: Thread started: Race Condition - No Lock 1-7
2026-04-29 18:31:16,336 INFO o.a.j.t.JMeterThread: Thread started: Lock Protection - With Redisson 2-4
2026-04-29 18:31:16,340 INFO o.a.j.t.JMeterThread: Thread started: Race Condition - No Lock 1-8
2026-04-29 18:31:16,345 INFO o.a.j.t.ThreadGroup: Started thread group number 2
2026-04-29 18:31:16,345 INFO o.a.j.e.StandardJMeterEngine: Starting ThreadGroup: 3 : Platform Threads - 500 users
2026-04-29 18:31:16,345 INFO o.a.j.e.StandardJMeterEngine: Starting 100 threads for group Platform Threads - 500 users.
2026-04-29 18:31:16,345 INFO o.a.j.e.StandardJMeterEngine: Thread will continue on error
2026-04-29 18:31:16,345 INFO o.a.j.t.ThreadGroup: Starting thread group... number=3 threads=100 ramp-up=5 delayedStart=false
2026-04-29 18:31:16,346 INFO o.a.j.t.JMeterThread: Thread started: Lock Protection - With Redisson 2-5
2026-04-29 18:31:16,346 INFO o.a.j.t.JMeterThread: Thread started: Platform Threads - 500 users 3-1
2026-04-29 18:31:16,347 INFO o.a.j.t.JMeterThread: Thread started: Race Condition - No Lock 1-9
2026-04-29 18:31:16,356 INFO o.a.j.t.JMeterThread: Thread started: Lock Protection - With Redisson 2-6
2026-04-29 18:31:16,361 INFO o.a.j.t.JMeterThread: Thread started: Race Condition - No Lock 1-10
2026-04-29 18:31:16,367 INFO o.a.j.t.JMeterThread: Thread started: Lock Protection - With Redisson 2-7
2026-04-29 18:31:16,370 INFO o.a.j.t.JMeterThread: Thread started: Race Condition - No Lock 1-11
2026-04-29 18:31:16,376 INFO o.a.j.t.ThreadGroup: Started thread group number 3
2026-04-29 18:31:16,376 INFO o.a.j.e.StandardJMeterEngine: Starting ThreadGroup: 4 : Virtual Threads - 500 users
2026-04-29 18:31:16,377 INFO o.a.j.e.StandardJMeterEngine: Starting 100 threads for group Virtual Threads - 500 users.
2026-04-29 18:31:16,377 INFO o.a.j.e.StandardJMeterEngine: Thread will continue on error
2026-04-29 18:31:16,377 INFO o.a.j.t.ThreadGroup: Starting thread group... number=4 threads=100 ramp-up=5 delayedStart=false
2026-04-29 18:31:16,377 INFO o.a.j.t.JMeterThread: Thread started: Virtual Threads - 500 users 4-1
2026-04-29 18:31:16,378 INFO o.a.j.t.JMeterThread: Thread started: Race Condition - No Lock 1-12
2026-04-29 18:31:16,378 INFO o.a.j.t.JMeterThread: Thread started: Lock Protection - With Redisson 2-8
2026-04-29 18:31:16,399 INFO o.a.j.t.JMeterThread: Thread started: Lock Protection - With Redisson 2-9
2026-04-29 18:31:16,399 INFO o.a.j.t.JMeterThread: Thread started: Race Condition - No Lock 1-14
2026-04-29 18:31:16,399 INFO o.a.j.t.JMeterThread: Thread started: Race Condition - No Lock 1-13
2026-04-29 18:31:16,400 INFO o.a.j.t.JMeterThread: Thread started: Lock Protection - With Redisson 2-10
2026-04-29 18:31:16,400 INFO o.a.j.t.JMeterThread: Thread started: Platform Threads - 500 users 3-2
2026-04-29 18:31:16,411 INFO o.a.j.t.JMeterThread: Thread started: Race Condition - No Lock 1-15
2026-04-29 18:31:16,411 INFO o.a.j.t.JMeterThread: Thread started: Lock Protection - With Redisson 2-11
2026-04-29 18:31:16,419 INFO o.a.j.t.JMeterThread: Thread started: Race Condition - No Lock 1-16
2026-04-29 18:31:16,420 INFO o.a.j.t.JMeterThread: Thread started: Lock Protection - With Redisson 2-12
2026-04-29 18:31:16,428 INFO o.a.j.t.JMeterThread: Thread started: Lock Protection - With Redisson 2-13
2026-04-29 18:31:16,428 INFO o.a.j.t.JMeterThread: Thread started: Virtual Threads - 500 users 4-2
2026-04-29 18:31:16,428 INFO o.a.j.t.JMeterThread: Thread started: Race Condition - No Lock 1-17
2026-04-29 18:31:16,438 INFO o.a.j.t.JMeterThread: Thread started: Lock Protection - With Redisson 2-14
2026-04-29 18:31:16,441 INFO o.a.j.t.ThreadGroup: Started thread group number 4
2026-04-29 18:31:16,441 INFO o.a.j.e.StandardJMeterEngine: All thread groups have been started
2026-04-29 18:31:16,442 INFO o.a.j.t.JMeterThread: Thread started: Race Condition - No Lock 1-18
2026-04-29 18:31:16,446 INFO o.a.j.t.JMeterThread: Thread started: Lock Protection - With Redisson 2-15
2026-04-29 18:31:16,447 INFO o.a.j.t.JMeterThread: Thread started: Platform Threads - 500 users 3-3
2026-04-29 18:31:16,448 INFO o.a.j.t.JMeterThread: Thread started: Race Condition - No Lock 1-19
2026-04-29 18:31:16,459 INFO o.a.j.t.JMeterThread: Thread started: Lock Protection - With Redisson 2-16
2026-04-29 18:31:16,460 INFO o.a.j.t.JMeterThread: Thread started: Race Condition - No Lock 1-20
2026-04-29 18:31:16,470 INFO o.a.j.t.JMeterThread: Thread started: Race Condition - No Lock 1-21
2026-04-29 18:31:16,470 INFO o.a.j.t.JMeterThread: Thread started: Lock Protection - With Redisson 2-17
2026-04-29 18:31:16,480 INFO o.a.j.t.JMeterThread: Thread started: Lock Protection - With Redisson 2-18
2026-04-29 18:31:16,481 INFO o.a.j.t.JMeterThread: Thread started: Race Condition - No Lock 1-22
2026-04-29 18:31:16,481 INFO o.a.j.t.JMeterThread: Thread started: Virtual Threads - 500 users 4-3
2026-04-29 18:31:16,486 INFO o.a.j.t.JMeterThread: Thread started: Lock Protection - With Redisson 2-19
2026-04-29 18:31:16,492 INFO o.a.j.t.JMeterThread: Thread started: Race Condition - No Lock 1-23
2026-04-29 18:31:16,501 INFO o.a.j.t.JMeterThread: Thread started: Lock Protection - With Redisson 2-20
2026-04-29 18:31:16,501 INFO o.a.j.t.JMeterThread: Thread started: Race Condition - No Lock 1-24
2026-04-29 18:31:16,501 INFO o.a.j.t.JMeterThread: Thread started: Platform Threads - 500 users 3-4
2026-04-29 18:31:16,509 INFO o.a.j.t.JMeterThread: Thread started: Lock Protection - With Redisson 2-21
2026-04-29 18:31:16,515 INFO o.a.j.t.JMeterThread: Thread started: Race Condition - No Lock 1-25
2026-04-29 18:31:16,521 INFO o.a.j.t.JMeterThread: Thread started: Lock Protection - With Redisson 2-22
2026-04-29 18:31:16,522 INFO o.a.j.t.JMeterThread: Thread started: Race Condition - No Lock 1-26
2026-04-29 18:31:16,529 INFO o.a.j.t.JMeterThread: Thread started: Lock Protection - With Redisson 2-23
2026-04-29 18:31:16,533 INFO o.a.j.t.JMeterThread: Thread started: Race Condition - No Lock 1-27
2026-04-29 18:31:16,533 INFO o.a.j.t.JMeterThread: Thread started: Virtual Threads - 500 users 4-4
2026-04-29 18:31:16,543 INFO o.a.j.t.JMeterThread: Thread started: Race Condition - No Lock 1-28
2026-04-29 18:31:16,543 INFO o.a.j.t.JMeterThread: Thread started: Lock Protection - With Redisson 2-24
2026-04-29 18:31:16,548 INFO o.a.j.t.JMeterThread: Thread started: Lock Protection - With Redisson 2-25
2026-04-29 18:31:16,548 INFO o.a.j.t.JMeterThread: Thread started: Platform Threads - 500 users 3-5
2026-04-29 18:31:16,549 INFO o.a.j.t.JMeterThread: Thread started: Race Condition - No Lock 1-29
2026-04-29 18:31:16,557 INFO o.a.j.t.JMeterThread: Thread started: Lock Protection - With Redisson 2-26
2026-04-29 18:31:16,558 INFO o.a.j.t.JMeterThread: Thread started: Race Condition - No Lock 1-30
2026-04-29 18:31:16,566 INFO o.a.j.t.JMeterThread: Thread started: Lock Protection - With Redisson 2-27
2026-04-29 18:31:16,568 INFO o.a.j.t.JMeterThread: Thread started: Race Condition - No Lock 1-31
2026-04-29 18:31:16,579 INFO o.a.j.t.JMeterThread: Thread is done: Lock Protection - With Redisson 2-13
2026-04-29 18:31:16,579 INFO o.a.j.t.JMeterThread: Thread finished: Lock Protection - With Redisson 2-13
2026-04-29 18:31:16,581 INFO o.a.j.t.JMeterThread: Thread started: Lock Protection - With Redisson 2-28
2026-04-29 18:31:16,582 INFO o.a.j.t.JMeterThread: Thread started: Virtual Threads - 500 users 4-5
2026-04-29 18:31:16,582 INFO o.a.j.t.JMeterThread: Thread started: Race Condition - No Lock 1-32
2026-04-29 18:31:16,592 INFO o.a.j.t.JMeterThread: Thread started: Lock Protection - With Redisson 2-29
2026-04-29 18:31:16,593 INFO o.a.j.t.JMeterThread: Thread started: Race Condition - No Lock 1-33
2026-04-29 18:31:16,601 INFO o.a.j.t.JMeterThread: Thread is done: Race Condition - No Lock 1-1
2026-04-29 18:31:16,601 INFO o.a.j.t.JMeterThread: Thread finished: Race Condition - No Lock 1-1
2026-04-29 18:31:16,601 INFO o.a.j.t.JMeterThread: Thread is done: Race Condition - No Lock 1-7
2026-04-29 18:31:16,601 INFO o.a.j.t.JMeterThread: Thread finished: Race Condition - No Lock 1-7
2026-04-29 18:31:16,605 INFO o.a.j.t.JMeterThread: Thread started: Platform Threads - 500 users 3-6
2026-04-29 18:31:16,615 INFO o.a.j.t.JMeterThread: Thread started: Lock Protection - With Redisson 2-30
2026-04-29 18:31:16,615 INFO o.a.j.t.JMeterThread: Thread started: Race Condition - No Lock 1-34
2026-04-29 18:31:16,620 INFO o.a.j.t.JMeterThread: Thread started: Lock Protection - With Redisson 2-32
2026-04-29 18:31:16,620 INFO o.a.j.t.JMeterThread: Thread started: Race Condition - No Lock 1-36
2026-04-29 18:31:16,621 INFO o.a.j.t.JMeterThread: Thread is done: Platform Threads - 500 users 3-3
2026-04-29 18:31:16,621 INFO o.a.j.t.JMeterThread: Thread finished: Platform Threads - 500 users 3-3
2026-04-29 18:31:16,622 INFO o.a.j.t.JMeterThread: Thread started: Lock Protection - With Redisson 2-31
2026-04-29 18:31:16,623 INFO o.a.j.t.JMeterThread: Thread started: Race Condition - No Lock 1-35
2026-04-29 18:31:16,624 INFO o.a.j.t.JMeterThread: Thread is done: Lock Protection - With Redisson 2-5
2026-04-29 18:31:16,624 INFO o.a.j.t.JMeterThread: Thread finished: Lock Protection - With Redisson 2-5
2026-04-29 18:31:16,624 INFO o.a.j.t.JMeterThread: Thread is done: Race Condition - No Lock 1-4
2026-04-29 18:31:16,624 INFO o.a.j.t.JMeterThread: Thread finished: Race Condition - No Lock 1-4
2026-04-29 18:31:16,625 INFO o.a.j.t.JMeterThread: Thread is done: Race Condition - No Lock 1-10
2026-04-29 18:31:16,625 INFO o.a.j.t.JMeterThread: Thread finished: Race Condition - No Lock 1-10
2026-04-29 18:31:16,626 INFO o.a.j.t.JMeterThread: Thread started: Lock Protection - With Redisson 2-33
2026-04-29 18:31:16,628 INFO o.a.j.t.JMeterThread: Thread is done: Lock Protection - With Redisson 2-2
2026-04-29 18:31:16,628 INFO o.a.j.t.JMeterThread: Thread finished: Lock Protection - With Redisson 2-2
2026-04-29 18:31:16,628 INFO o.a.j.t.JMeterThread: Thread is done: Race Condition - No Lock 1-23
2026-04-29 18:31:16,628 INFO o.a.j.t.JMeterThread: Thread is done: Virtual Threads - 500 users 4-2
2026-04-29 18:31:16,628 INFO o.a.j.t.JMeterThread: Thread finished: Virtual Threads - 500 users 4-2
2026-04-29 18:31:16,629 INFO o.a.j.t.JMeterThread: Thread started: Virtual Threads - 500 users 4-6
2026-04-29 18:31:16,630 INFO o.a.j.t.JMeterThread: Thread started: Race Condition - No Lock 1-37
2026-04-29 18:31:16,630 INFO o.a.j.t.JMeterThread: Thread finished: Race Condition - No Lock 1-23
2026-04-29 18:31:16,631 INFO o.a.j.t.JMeterThread: Thread is done: Race Condition - No Lock 1-6
2026-04-29 18:31:16,631 INFO o.a.j.t.JMeterThread: Thread finished: Race Condition - No Lock 1-6
2026-04-29 18:31:16,633 INFO o.a.j.t.JMeterThread: Thread is done: Race Condition - No Lock 1-21
2026-04-29 18:31:16,633 INFO o.a.j.t.JMeterThread: Thread finished: Race Condition - No Lock 1-21
2026-04-29 18:31:16,634 INFO o.a.j.t.JMeterThread: Thread is done: Virtual Threads - 500 users 4-3
2026-04-29 18:31:16,635 INFO o.a.j.t.JMeterThread: Thread finished: Virtual Threads - 500 users 4-3
2026-04-29 18:31:16,637 INFO o.a.j.t.JMeterThread: Thread is done: Race Condition - No Lock 1-5
2026-04-29 18:31:16,637 INFO o.a.j.t.JMeterThread: Thread finished: Race Condition - No Lock 1-5
2026-04-29 18:31:16,638 INFO o.a.j.t.JMeterThread: Thread is done: Race Condition - No Lock 1-28
2026-04-29 18:31:16,638 INFO o.a.j.t.JMeterThread: Thread started: Lock Protection - With Redisson 2-34
2026-04-29 18:31:16,638 INFO o.a.j.t.JMeterThread: Thread finished: Race Condition - No Lock 1-28
2026-04-29 18:31:16,638 INFO o.a.j.t.JMeterThread: Thread is done: Race Condition - No Lock 1-18
2026-04-29 18:31:16,638 INFO o.a.j.t.JMeterThread: Thread finished: Race Condition - No Lock 1-18
2026-04-29 18:31:16,639 INFO o.a.j.t.JMeterThread: Thread started: Race Condition - No Lock 1-38
2026-04-29 18:31:16,641 INFO o.a.j.t.JMeterThread: Thread is done: Lock Protection - With Redisson 2-9
2026-04-29 18:31:16,641 INFO o.a.j.t.JMeterThread: Thread finished: Lock Protection - With Redisson 2-9
2026-04-29 18:31:16,641 INFO o.a.j.t.JMeterThread: Thread is done: Lock Protection - With Redisson 2-20
2026-04-29 18:31:16,641 INFO o.a.j.t.JMeterThread: Thread finished: Lock Protection - With Redisson 2-20
2026-04-29 18:31:16,642 INFO o.a.j.t.JMeterThread: Thread is done: Lock Protection - With Redisson 2-4
2026-04-29 18:31:16,642 INFO o.a.j.t.JMeterThread: Thread finished: Lock Protection - With Redisson 2-4
2026-04-29 18:31:16,648 INFO o.a.j.t.JMeterThread: Thread is done: Virtual Threads - 500 users 4-1
2026-04-29 18:31:16,648 INFO o.a.j.t.JMeterThread: Thread finished: Virtual Threads - 500 users 4-1
2026-04-29 18:31:16,648 INFO o.a.j.t.JMeterThread: Thread is done: Race Condition - No Lock 1-3
2026-04-29 18:31:16,648 INFO o.a.j.t.JMeterThread: Thread finished: Race Condition - No Lock 1-3
2026-04-29 18:31:16,649 INFO o.a.j.t.JMeterThread: Thread is done: Race Condition - No Lock 1-12
2026-04-29 18:31:16,649 INFO o.a.j.t.JMeterThread: Thread finished: Race Condition - No Lock 1-12
2026-04-29 18:31:16,651 INFO o.a.j.t.JMeterThread: Thread is done: Race Condition - No Lock 1-16
2026-04-29 18:31:16,651 INFO o.a.j.t.JMeterThread: Thread finished: Race Condition - No Lock 1-16
2026-04-29 18:31:16,651 INFO o.a.j.t.JMeterThread: Thread started: Lock Protection - With Redisson 2-35
2026-04-29 18:31:16,651 INFO o.a.j.t.JMeterThread: Thread started: Race Condition - No Lock 1-39
2026-04-29 18:31:16,651 INFO o.a.j.t.JMeterThread: Thread started: Platform Threads - 500 users 3-7
2026-04-29 18:31:16,654 INFO o.a.j.t.JMeterThread: Thread is done: Race Condition - No Lock 1-17
2026-04-29 18:31:16,654 INFO o.a.j.t.JMeterThread: Thread finished: Race Condition - No Lock 1-17
2026-04-29 18:31:16,655 INFO o.a.j.t.JMeterThread: Thread is done: Lock Protection - With Redisson 2-28
2026-04-29 18:31:16,655 INFO o.a.j.t.JMeterThread: Thread is done: Lock Protection - With Redisson 2-12
2026-04-29 18:31:16,655 INFO o.a.j.t.JMeterThread: Thread finished: Lock Protection - With Redisson 2-12
2026-04-29 18:31:16,655 INFO o.a.j.t.JMeterThread: Thread finished: Lock Protection - With Redisson 2-28
2026-04-29 18:31:16,658 INFO o.a.j.t.JMeterThread: Thread is done: Lock Protection - With Redisson 2-27
2026-04-29 18:31:16,658 INFO o.a.j.t.JMeterThread: Thread finished: Lock Protection - With Redisson 2-27
2026-04-29 18:31:16,658 INFO o.a.j.t.JMeterThread: Thread started: Lock Protection - With Redisson 2-36
2026-04-29 18:31:16,659 INFO o.a.j.t.JMeterThread: Thread is done: Race Condition - No Lock 1-30
2026-04-29 18:31:16,659 INFO o.a.j.t.JMeterThread: Thread finished: Race Condition - No Lock 1-30
2026-04-29 18:31:16,659 INFO o.a.j.t.JMeterThread: Thread is done: Lock Protection - With Redisson 2-26
2026-04-29 18:31:16,659 INFO o.a.j.t.JMeterThread: Thread finished: Lock Protection - With Redisson 2-26
2026-04-29 18:31:16,660 INFO o.a.j.t.JMeterThread: Thread started: Race Condition - No Lock 1-40
2026-04-29 18:31:16,660 INFO o.a.j.t.JMeterThread: Thread is done: Race Condition - No Lock 1-31
2026-04-29 18:31:16,660 INFO o.a.j.t.JMeterThread: Thread finished: Race Condition - No Lock 1-31
2026-04-29 18:31:16,661 INFO o.a.j.t.JMeterThread: Thread is done: Race Condition - No Lock 1-32
2026-04-29 18:31:16,661 INFO o.a.j.t.JMeterThread: Thread finished: Race Condition - No Lock 1-32
2026-04-29 18:31:16,663 INFO o.a.j.t.JMeterThread: Thread is done: Lock Protection - With Redisson 2-6
2026-04-29 18:31:16,664 INFO o.a.j.t.JMeterThread: Thread finished: Lock Protection - With Redisson 2-6
2026-04-29 18:31:16,664 INFO o.a.j.t.JMeterThread: Thread is done: Platform Threads - 500 users 3-4
2026-04-29 18:31:16,664 INFO o.a.j.t.JMeterThread: Thread finished: Platform Threads - 500 users 3-4
2026-04-29 18:31:16,664 INFO o.a.j.t.JMeterThread: Thread is done: Platform Threads - 500 users 3-6
2026-04-29 18:31:16,665 INFO o.a.j.t.JMeterThread: Thread finished: Platform Threads - 500 users 3-6
2026-04-29 18:31:16,665 INFO o.a.j.t.JMeterThread: Thread is done: Lock Protection - With Redisson 2-17
2026-04-29 18:31:16,665 INFO o.a.j.t.JMeterThread: Thread finished: Lock Protection - With Redisson 2-17
2026-04-29 18:31:16,665 INFO o.a.j.t.JMeterThread: Thread is done: Lock Protection - With Redisson 2-29
2026-04-29 18:31:16,666 INFO o.a.j.t.JMeterThread: Thread finished: Lock Protection - With Redisson 2-29
2026-04-29 18:31:16,666 INFO o.a.j.t.JMeterThread: Thread is done: Lock Protection - With Redisson 2-23
2026-04-29 18:31:16,666 INFO o.a.j.t.JMeterThread: Thread is done: Race Condition - No Lock 1-2
2026-04-29 18:31:16,666 INFO o.a.j.t.JMeterThread: Thread finished: Race Condition - No Lock 1-2
2026-04-29 18:31:16,667 INFO o.a.j.t.JMeterThread: Thread finished: Lock Protection - With Redisson 2-23
2026-04-29 18:31:16,667 INFO o.a.j.t.JMeterThread: Thread started: Lock Protection - With Redisson 2-37
2026-04-29 18:31:16,669 INFO o.a.j.t.JMeterThread: Thread started: Race Condition - No Lock 1-41
2026-04-29 18:31:16,669 INFO o.a.j.t.JMeterThread: Thread is done: Race Condition - No Lock 1-13
2026-04-29 18:31:16,671 INFO o.a.j.t.JMeterThread: Thread is done: Lock Protection - With Redisson 2-15
2026-04-29 18:31:16,671 INFO o.a.j.t.JMeterThread: Thread finished: Lock Protection - With Redisson 2-15
2026-04-29 18:31:16,670 INFO o.a.j.t.JMeterThread: Thread is done: Lock Protection - With Redisson 2-31
2026-04-29 18:31:16,672 INFO o.a.j.t.JMeterThread: Thread finished: Lock Protection - With Redisson 2-31
2026-04-29 18:31:16,674 INFO o.a.j.t.JMeterThread: Thread is done: Lock Protection - With Redisson 2-33
2026-04-29 18:31:16,674 INFO o.a.j.t.JMeterThread: Thread finished: Lock Protection - With Redisson 2-33
2026-04-29 18:31:16,671 INFO o.a.j.t.JMeterThread: Thread finished: Race Condition - No Lock 1-13
2026-04-29 18:31:16,678 INFO o.a.j.t.JMeterThread: Thread started: Lock Protection - With Redisson 2-38
2026-04-29 18:31:16,678 INFO o.a.j.t.JMeterThread: Thread is done: Race Condition - No Lock 1-14
2026-04-29 18:31:16,679 INFO o.a.j.t.JMeterThread: Thread finished: Race Condition - No Lock 1-14
2026-04-29 18:31:16,679 INFO o.a.j.t.JMeterThread: Thread started: Race Condition - No Lock 1-42
2026-04-29 18:31:16,680 INFO o.a.j.t.JMeterThread: Thread started: Virtual Threads - 500 users 4-7
2026-04-29 18:31:16,680 INFO o.a.j.t.JMeterThread: Thread is done: Lock Protection - With Redisson 2-7
2026-04-29 18:31:16,680 INFO o.a.j.t.JMeterThread: Thread finished: Lock Protection - With Redisson 2-7
2026-04-29 18:31:16,680 INFO o.a.j.t.JMeterThread: Thread is done: Virtual Threads - 500 users 4-6
2026-04-29 18:31:16,680 INFO o.a.j.t.JMeterThread: Thread finished: Virtual Threads - 500 users 4-6
2026-04-29 18:31:16,682 INFO o.a.j.t.JMeterThread: Thread is done: Lock Protection - With Redisson 2-18
2026-04-29 18:31:16,682 INFO o.a.j.t.JMeterThread: Thread is done: Lock Protection - With Redisson 2-19
2026-04-29 18:31:16,682 INFO o.a.j.t.JMeterThread: Thread finished: Lock Protection - With Redisson 2-18
2026-04-29 18:31:16,682 INFO o.a.j.t.JMeterThread: Thread is done: Race Condition - No Lock 1-24
2026-04-29 18:31:16,683 INFO o.a.j.t.JMeterThread: Thread finished: Race Condition - No Lock 1-24
2026-04-29 18:31:16,684 INFO o.a.j.t.JMeterThread: Thread finished: Lock Protection - With Redisson 2-19
2026-04-29 18:31:16,684 INFO o.a.j.t.JMeterThread: Thread is done: Lock Protection - With Redisson 2-3
2026-04-29 18:31:16,684 INFO o.a.j.t.JMeterThread: Thread finished: Lock Protection - With Redisson 2-3
2026-04-29 18:31:16,684 INFO o.a.j.t.JMeterThread: Thread is done: Platform Threads - 500 users 3-1
2026-04-29 18:31:16,684 INFO o.a.j.t.JMeterThread: Thread finished: Platform Threads - 500 users 3-1
2026-04-29 18:31:16,684 INFO o.a.j.t.JMeterThread: Thread is done: Lock Protection - With Redisson 2-34
2026-04-29 18:31:16,684 INFO o.a.j.t.JMeterThread: Thread finished: Lock Protection - With Redisson 2-34
2026-04-29 18:31:16,685 INFO o.a.j.t.JMeterThread: Thread is done: Race Condition - No Lock 1-38
2026-04-29 18:31:16,685 INFO o.a.j.t.JMeterThread: Thread finished: Race Condition - No Lock 1-38
2026-04-29 18:31:16,685 INFO o.a.j.t.JMeterThread: Thread is done: Race Condition - No Lock 1-8
2026-04-29 18:31:16,685 INFO o.a.j.t.JMeterThread: Thread finished: Race Condition - No Lock 1-8
2026-04-29 18:31:16,686 INFO o.a.j.t.JMeterThread: Thread is done: Race Condition - No Lock 1-20
2026-04-29 18:31:16,686 INFO o.a.j.t.JMeterThread: Thread finished: Race Condition - No Lock 1-20
2026-04-29 18:31:16,687 INFO o.a.j.t.JMeterThread: Thread is done: Race Condition - No Lock 1-15
2026-04-29 18:31:16,688 INFO o.a.j.t.JMeterThread: Thread finished: Race Condition - No Lock 1-15
2026-04-29 18:31:16,688 INFO o.a.j.t.JMeterThread: Thread started: Lock Protection - With Redisson 2-39
2026-04-29 18:31:16,688 INFO o.a.j.t.JMeterThread: Thread started: Race Condition - No Lock 1-43
2026-04-29 18:31:16,689 INFO o.a.j.t.JMeterThread: Thread is done: Race Condition - No Lock 1-29
2026-04-29 18:31:16,689 INFO o.a.j.t.JMeterThread: Thread finished: Race Condition - No Lock 1-29
2026-04-29 18:31:16,689 INFO o.a.j.t.JMeterThread: Thread is done: Lock Protection - With Redisson 2-14
2026-04-29 18:31:16,689 INFO o.a.j.t.JMeterThread: Thread finished: Lock Protection - With Redisson 2-14
2026-04-29 18:31:16,690 INFO o.a.j.t.JMeterThread: Thread is done: Race Condition - No Lock 1-26
2026-04-29 18:31:16,690 INFO o.a.j.t.JMeterThread: Thread finished: Race Condition - No Lock 1-26
2026-04-29 18:31:16,691 INFO o.a.j.t.JMeterThread: Thread is done: Platform Threads - 500 users 3-5
2026-04-29 18:31:16,691 INFO o.a.j.t.JMeterThread: Thread is done: Race Condition - No Lock 1-34
2026-04-29 18:31:16,691 INFO o.a.j.t.JMeterThread: Thread finished: Platform Threads - 500 users 3-5
2026-04-29 18:31:16,691 INFO o.a.j.t.JMeterThread: Thread finished: Race Condition - No Lock 1-34
2026-04-29 18:31:16,693 INFO o.a.j.t.JMeterThread: Thread is done: Lock Protection - With Redisson 2-30
2026-04-29 18:31:16,693 INFO o.a.j.t.JMeterThread: Thread finished: Lock Protection - With Redisson 2-30
2026-04-29 18:31:16,694 INFO o.a.j.t.JMeterThread: Thread is done: Race Condition - No Lock 1-39
2026-04-29 18:31:16,694 INFO o.a.j.t.JMeterThread: Thread finished: Race Condition - No Lock 1-39
2026-04-29 18:31:16,695 INFO o.a.j.t.JMeterThread: Thread is done: Lock Protection - With Redisson 2-35
2026-04-29 18:31:16,695 INFO o.a.j.t.JMeterThread: Thread is done: Virtual Threads - 500 users 4-4
2026-04-29 18:31:16,695 INFO o.a.j.t.JMeterThread: Thread finished: Virtual Threads - 500 users 4-4
2026-04-29 18:31:16,695 INFO o.a.j.t.JMeterThread: Thread finished: Lock Protection - With Redisson 2-35
2026-04-29 18:31:16,696 INFO o.a.j.t.JMeterThread: Thread is done: Race Condition - No Lock 1-11
2026-04-29 18:31:16,696 INFO o.a.j.t.JMeterThread: Thread finished: Race Condition - No Lock 1-11
2026-04-29 18:31:16,696 INFO o.a.j.t.JMeterThread: Thread is done: Race Condition - No Lock 1-27
2026-04-29 18:31:16,696 INFO o.a.j.t.JMeterThread: Thread finished: Race Condition - No Lock 1-27
2026-04-29 18:31:16,697 INFO o.a.j.t.JMeterThread: Thread is done: Lock Protection - With Redisson 2-21
2026-04-29 18:31:16,697 INFO o.a.j.t.JMeterThread: Thread started: Lock Protection - With Redisson 2-40
2026-04-29 18:31:16,697 INFO o.a.j.t.JMeterThread: Thread finished: Lock Protection - With Redisson 2-21
2026-04-29 18:31:16,698 INFO o.a.j.t.JMeterThread: Thread is done: Platform Threads - 500 users 3-2
2026-04-29 18:31:16,698 INFO o.a.j.t.JMeterThread: Thread finished: Platform Threads - 500 users 3-2
2026-04-29 18:31:16,699 INFO o.a.j.t.JMeterThread: Thread is done: Lock Protection - With Redisson 2-22
2026-04-29 18:31:16,699 INFO o.a.j.t.JMeterThread: Thread finished: Lock Protection - With Redisson 2-22
2026-04-29 18:31:16,700 INFO o.a.j.t.JMeterThread: Thread is done: Race Condition - No Lock 1-40
2026-04-29 18:31:16,700 INFO o.a.j.t.JMeterThread: Thread finished: Race Condition - No Lock 1-40
2026-04-29 18:31:16,700 INFO o.a.j.t.JMeterThread: Thread is done: Race Condition - No Lock 1-9
2026-04-29 18:31:16,700 INFO o.a.j.t.JMeterThread: Thread finished: Race Condition - No Lock 1-9
2026-04-29 18:31:16,701 INFO o.a.j.t.JMeterThread: Thread is done: Race Condition - No Lock 1-22
2026-04-29 18:31:16,701 INFO o.a.j.t.JMeterThread: Thread finished: Race Condition - No Lock 1-22
2026-04-29 18:31:16,701 INFO o.a.j.t.JMeterThread: Thread is done: Platform Threads - 500 users 3-7
2026-04-29 18:31:16,701 INFO o.a.j.t.JMeterThread: Thread finished: Platform Threads - 500 users 3-7
2026-04-29 18:31:16,702 INFO o.a.j.t.JMeterThread: Thread is done: Lock Protection - With Redisson 2-16
2026-04-29 18:31:16,702 INFO o.a.j.t.JMeterThread: Thread finished: Lock Protection - With Redisson 2-16
2026-04-29 18:31:16,703 INFO o.a.j.t.JMeterThread: Thread is done: Lock Protection - With Redisson 2-8
2026-04-29 18:31:16,703 INFO o.a.j.t.JMeterThread: Thread finished: Lock Protection - With Redisson 2-8
2026-04-29 18:31:16,703 INFO o.a.j.t.JMeterThread: Thread is done: Lock Protection - With Redisson 2-24
2026-04-29 18:31:16,703 INFO o.a.j.t.JMeterThread: Thread finished: Lock Protection - With Redisson 2-24
2026-04-29 18:31:16,703 INFO o.a.j.t.JMeterThread: Thread started: Platform Threads - 500 users 3-8
2026-04-29 18:31:16,703 INFO o.a.j.t.JMeterThread: Thread started: Race Condition - No Lock 1-44
2026-04-29 18:31:16,705 INFO o.a.j.t.JMeterThread: Thread is done: Lock Protection - With Redisson 2-1
2026-04-29 18:31:16,705 INFO o.a.j.t.JMeterThread: Thread finished: Lock Protection - With Redisson 2-1
2026-04-29 18:31:16,705 INFO o.a.j.t.JMeterThread: Thread is done: Race Condition - No Lock 1-19
2026-04-29 18:31:16,705 INFO o.a.j.t.JMeterThread: Thread finished: Race Condition - No Lock 1-19
2026-04-29 18:31:16,706 INFO o.a.j.t.JMeterThread: Thread is done: Race Condition - No Lock 1-35
2026-04-29 18:31:16,706 INFO o.a.j.t.JMeterThread: Thread finished: Race Condition - No Lock 1-35
2026-04-29 18:31:16,706 INFO o.a.j.t.JMeterThread: Thread is done: Race Condition - No Lock 1-25
2026-04-29 18:31:16,707 INFO o.a.j.t.JMeterThread: Thread is done: Lock Protection - With Redisson 2-37
2026-04-29 18:31:16,707 INFO o.a.j.t.JMeterThread: Thread finished: Lock Protection - With Redisson 2-37
2026-04-29 18:31:16,707 INFO o.a.j.t.JMeterThread: Thread started: Lock Protection - With Redisson 2-41
2026-04-29 18:31:16,707 INFO o.a.j.t.JMeterThread: Thread finished: Race Condition - No Lock 1-25
2026-04-29 18:31:16,708 INFO o.a.j.t.JMeterThread: Thread is done: Lock Protection - With Redisson 2-10
2026-04-29 18:31:16,708 INFO o.a.j.t.JMeterThread: Thread finished: Lock Protection - With Redisson 2-10
2026-04-29 18:31:16,708 INFO o.a.j.t.JMeterThread: Thread is done: Lock Protection - With Redisson 2-11
2026-04-29 18:31:16,708 INFO o.a.j.t.JMeterThread: Thread finished: Lock Protection - With Redisson 2-11
2026-04-29 18:31:16,710 INFO o.a.j.t.JMeterThread: Thread is done: Lock Protection - With Redisson 2-25
2026-04-29 18:31:16,710 INFO o.a.j.t.JMeterThread: Thread finished: Lock Protection - With Redisson 2-25
2026-04-29 18:31:16,711 INFO o.a.j.t.JMeterThread: Thread started: Race Condition - No Lock 1-45
2026-04-29 18:31:16,716 INFO o.a.j.t.JMeterThread: Thread is done: Lock Protection - With Redisson 2-36
2026-04-29 18:31:16,716 INFO o.a.j.t.JMeterThread: Thread finished: Lock Protection - With Redisson 2-36
2026-04-29 18:31:16,716 INFO o.a.j.t.JMeterThread: Thread is done: Lock Protection - With Redisson 2-40
2026-04-29 18:31:16,716 INFO o.a.j.t.JMeterThread: Thread finished: Lock Protection - With Redisson 2-40
2026-04-29 18:31:16,718 INFO o.a.j.t.JMeterThread: Thread is done: Race Condition - No Lock 1-44
2026-04-29 18:31:16,719 INFO o.a.j.t.JMeterThread: Thread finished: Race Condition - No Lock 1-44
2026-04-29 18:31:16,719 INFO o.a.j.t.JMeterThread: Thread is done: Platform Threads - 500 users 3-8
2026-04-29 18:31:16,719 INFO o.a.j.t.JMeterThread: Thread finished: Platform Threads - 500 users 3-8
2026-04-29 18:31:16,720 INFO o.a.j.t.JMeterThread: Thread is done: Lock Protection - With Redisson 2-41
2026-04-29 18:31:16,720 INFO o.a.j.t.JMeterThread: Thread finished: Lock Protection - With Redisson 2-41
2026-04-29 18:31:16,720 INFO o.a.j.t.JMeterThread: Thread started: Race Condition - No Lock 1-46
2026-04-29 18:31:16,720 INFO o.a.j.t.JMeterThread: Thread started: Lock Protection - With Redisson 2-42
2026-04-29 18:31:16,727 INFO o.a.j.t.JMeterThread: Thread is done: Race Condition - No Lock 1-41
2026-04-29 18:31:16,727 INFO o.a.j.t.JMeterThread: Thread finished: Race Condition - No Lock 1-41
2026-04-29 18:31:16,728 INFO o.a.j.t.JMeterThread: Thread is done: Lock Protection - With Redisson 2-32
2026-04-29 18:31:16,728 INFO o.a.j.t.JMeterThread: Thread finished: Lock Protection - With Redisson 2-32
2026-04-29 18:31:16,730 INFO o.a.j.t.JMeterThread: Thread is done: Race Condition - No Lock 1-45
2026-04-29 18:31:16,730 INFO o.a.j.t.JMeterThread: Thread started: Race Condition - No Lock 1-47
2026-04-29 18:31:16,730 INFO o.a.j.t.JMeterThread: Thread started: Virtual Threads - 500 users 4-8
2026-04-29 18:31:16,730 INFO o.a.j.t.JMeterThread: Thread finished: Race Condition - No Lock 1-45
2026-04-29 18:31:16,730 INFO o.a.j.t.JMeterThread: Thread started: Lock Protection - With Redisson 2-43
2026-04-29 18:31:16,731 INFO o.a.j.t.JMeterThread: Thread is done: Lock Protection - With Redisson 2-38
2026-04-29 18:31:16,731 INFO o.a.j.t.JMeterThread: Thread finished: Lock Protection - With Redisson 2-38
2026-04-29 18:31:16,732 INFO o.a.j.t.JMeterThread: Thread is done: Race Condition - No Lock 1-42
2026-04-29 18:31:16,732 INFO o.a.j.t.JMeterThread: Thread finished: Race Condition - No Lock 1-42
2026-04-29 18:31:16,733 INFO o.a.j.t.JMeterThread: Thread is done: Virtual Threads - 500 users 4-5
2026-04-29 18:31:16,733 INFO o.a.j.t.JMeterThread: Thread finished: Virtual Threads - 500 users 4-5
2026-04-29 18:31:16,736 INFO o.a.j.t.JMeterThread: Thread is done: Race Condition - No Lock 1-37
2026-04-29 18:31:16,736 INFO o.a.j.t.JMeterThread: Thread finished: Race Condition - No Lock 1-37
2026-04-29 18:31:16,738 INFO o.a.j.t.JMeterThread: Thread is done: Lock Protection - With Redisson 2-39
2026-04-29 18:31:16,738 INFO o.a.j.t.JMeterThread: Thread started: Race Condition - No Lock 1-48
2026-04-29 18:31:16,738 INFO o.a.j.t.JMeterThread: Thread started: Lock Protection - With Redisson 2-44
2026-04-29 18:31:16,740 INFO o.a.j.t.JMeterThread: Thread is done: Race Condition - No Lock 1-46
2026-04-29 18:31:16,740 INFO o.a.j.t.JMeterThread: Thread finished: Race Condition - No Lock 1-46
2026-04-29 18:31:16,740 INFO o.a.j.t.JMeterThread: Thread finished: Lock Protection - With Redisson 2-39
2026-04-29 18:31:16,740 INFO o.a.j.t.JMeterThread: Thread is done: Lock Protection - With Redisson 2-42
2026-04-29 18:31:16,740 INFO o.a.j.t.JMeterThread: Thread finished: Lock Protection - With Redisson 2-42
2026-04-29 18:31:16,742 INFO o.a.j.t.JMeterThread: Thread is done: Virtual Threads - 500 users 4-7
2026-04-29 18:31:16,742 INFO o.a.j.t.JMeterThread: Thread finished: Virtual Threads - 500 users 4-7
2026-04-29 18:31:16,742 INFO o.a.j.t.JMeterThread: Thread is done: Race Condition - No Lock 1-36
2026-04-29 18:31:16,742 INFO o.a.j.t.JMeterThread: Thread finished: Race Condition - No Lock 1-36
2026-04-29 18:31:16,743 INFO o.a.j.t.JMeterThread: Thread is done: Race Condition - No Lock 1-43
2026-04-29 18:31:16,743 INFO o.a.j.t.JMeterThread: Thread finished: Race Condition - No Lock 1-43
2026-04-29 18:31:16,743 INFO o.a.j.t.JMeterThread: Thread is done: Lock Protection - With Redisson 2-43
2026-04-29 18:31:16,744 INFO o.a.j.t.JMeterThread: Thread finished: Lock Protection - With Redisson 2-43
2026-04-29 18:31:16,744 INFO o.a.j.t.JMeterThread: Thread is done: Race Condition - No Lock 1-47
2026-04-29 18:31:16,744 INFO o.a.j.t.JMeterThread: Thread finished: Race Condition - No Lock 1-47
2026-04-29 18:31:16,744 INFO o.a.j.t.JMeterThread: Thread is done: Race Condition - No Lock 1-33
2026-04-29 18:31:16,744 INFO o.a.j.t.JMeterThread: Thread finished: Race Condition - No Lock 1-33
2026-04-29 18:31:16,744 INFO o.a.j.t.JMeterThread: Thread is done: Virtual Threads - 500 users 4-8
2026-04-29 18:31:16,744 INFO o.a.j.t.JMeterThread: Thread finished: Virtual Threads - 500 users 4-8
2026-04-29 18:31:16,747 INFO o.a.j.t.JMeterThread: Thread started: Platform Threads - 500 users 3-9
2026-04-29 18:31:16,747 INFO o.a.j.t.JMeterThread: Thread started: Lock Protection - With Redisson 2-45
2026-04-29 18:31:16,748 INFO o.a.j.t.JMeterThread: Thread started: Race Condition - No Lock 1-49
2026-04-29 18:31:16,752 INFO o.a.j.t.JMeterThread: Thread is done: Race Condition - No Lock 1-48
2026-04-29 18:31:16,752 INFO o.a.j.t.JMeterThread: Thread is done: Lock Protection - With Redisson 2-44
2026-04-29 18:31:16,753 INFO o.a.j.t.JMeterThread: Thread finished: Race Condition - No Lock 1-48
2026-04-29 18:31:16,753 INFO o.a.j.t.JMeterThread: Thread finished: Lock Protection - With Redisson 2-44
2026-04-29 18:31:16,758 INFO o.a.j.t.JMeterThread: Thread started: Lock Protection - With Redisson 2-46
2026-04-29 18:31:16,759 INFO o.a.j.t.JMeterThread: Thread is done: Lock Protection - With Redisson 2-45
2026-04-29 18:31:16,759 INFO o.a.j.t.JMeterThread: Thread is done: Platform Threads - 500 users 3-9
2026-04-29 18:31:16,759 INFO o.a.j.t.JMeterThread: Thread finished: Lock Protection - With Redisson 2-45
2026-04-29 18:31:16,760 INFO o.a.j.t.JMeterThread: Thread finished: Platform Threads - 500 users 3-9
2026-04-29 18:31:16,760 INFO o.a.j.t.JMeterThread: Thread is done: Race Condition - No Lock 1-49
2026-04-29 18:31:16,760 INFO o.a.j.t.JMeterThread: Thread finished: Race Condition - No Lock 1-49
2026-04-29 18:31:16,762 INFO o.a.j.t.JMeterThread: Thread started: Race Condition - No Lock 1-50
2026-04-29 18:31:16,768 INFO o.a.j.t.JMeterThread: Thread is done: Lock Protection - With Redisson 2-46
2026-04-29 18:31:16,768 INFO o.a.j.t.JMeterThread: Thread finished: Lock Protection - With Redisson 2-46
2026-04-29 18:31:16,770 INFO o.a.j.t.JMeterThread: Thread started: Lock Protection - With Redisson 2-47
2026-04-29 18:31:16,771 INFO o.a.j.t.JMeterThread: Thread started: Race Condition - No Lock 1-51
2026-04-29 18:31:16,772 INFO o.a.j.t.JMeterThread: Thread is done: Race Condition - No Lock 1-50
2026-04-29 18:31:16,772 INFO o.a.j.t.JMeterThread: Thread finished: Race Condition - No Lock 1-50
2026-04-29 18:31:16,778 INFO o.a.j.t.JMeterThread: Thread started: Lock Protection - With Redisson 2-48
2026-04-29 18:31:16,778 INFO o.a.j.t.JMeterThread: Thread started: Race Condition - No Lock 1-52
2026-04-29 18:31:16,780 INFO o.a.j.t.JMeterThread: Thread is done: Race Condition - No Lock 1-51
2026-04-29 18:31:16,780 INFO o.a.j.t.JMeterThread: Thread is done: Lock Protection - With Redisson 2-47
2026-04-29 18:31:16,780 INFO o.a.j.t.JMeterThread: Thread finished: Lock Protection - With Redisson 2-47
2026-04-29 18:31:16,780 INFO o.a.j.t.JMeterThread: Thread finished: Race Condition - No Lock 1-51
2026-04-29 18:31:16,782 INFO o.a.j.t.JMeterThread: Thread started: Virtual Threads - 500 users 4-9
2026-04-29 18:31:16,788 INFO o.a.j.t.JMeterThread: Thread is done: Race Condition - No Lock 1-52
2026-04-29 18:31:16,788 INFO o.a.j.t.JMeterThread: Thread is done: Lock Protection - With Redisson 2-48
2026-04-29 18:31:16,788 INFO o.a.j.t.JMeterThread: Thread finished: Race Condition - No Lock 1-52
2026-04-29 18:31:16,788 INFO o.a.j.t.JMeterThread: Thread finished: Lock Protection - With Redisson 2-48
2026-04-29 18:31:16,788 INFO o.a.j.t.JMeterThread: Thread started: Lock Protection - With Redisson 2-49
2026-04-29 18:31:16,788 INFO o.a.j.t.JMeterThread: Thread started: Race Condition - No Lock 1-53
2026-04-29 18:31:16,793 INFO o.a.j.t.JMeterThread: Thread is done: Virtual Threads - 500 users 4-9
2026-04-29 18:31:16,793 INFO o.a.j.t.JMeterThread: Thread finished: Virtual Threads - 500 users 4-9
2026-04-29 18:31:16,797 INFO o.a.j.t.JMeterThread: Thread started: Lock Protection - With Redisson 2-50
2026-04-29 18:31:16,797 INFO o.a.j.t.JMeterThread: Thread started: Platform Threads - 500 users 3-10
2026-04-29 18:31:16,801 INFO o.a.j.t.JMeterThread: Thread is done: Race Condition - No Lock 1-53
2026-04-29 18:31:16,801 INFO o.a.j.t.JMeterThread: Thread is done: Lock Protection - With Redisson 2-49
2026-04-29 18:31:16,801 INFO o.a.j.t.JMeterThread: Thread finished: Race Condition - No Lock 1-53
2026-04-29 18:31:16,801 INFO o.a.j.t.JMeterThread: Thread finished: Lock Protection - With Redisson 2-49
2026-04-29 18:31:16,802 INFO o.a.j.t.JMeterThread: Thread started: Race Condition - No Lock 1-54
2026-04-29 18:31:16,806 INFO o.a.j.t.JMeterThread: Thread started: Lock Protection - With Redisson 2-51
2026-04-29 18:31:16,807 INFO o.a.j.t.JMeterThread: Thread started: Race Condition - No Lock 1-55
2026-04-29 18:31:16,807 INFO o.a.j.t.JMeterThread: Thread is done: Platform Threads - 500 users 3-10
2026-04-29 18:31:16,808 INFO o.a.j.t.JMeterThread: Thread is done: Lock Protection - With Redisson 2-50
2026-04-29 18:31:16,808 INFO o.a.j.t.JMeterThread: Thread finished: Platform Threads - 500 users 3-10
2026-04-29 18:31:16,808 INFO o.a.j.t.JMeterThread: Thread finished: Lock Protection - With Redisson 2-50
2026-04-29 18:31:16,811 INFO o.a.j.t.JMeterThread: Thread is done: Race Condition - No Lock 1-54
2026-04-29 18:31:16,811 INFO o.a.j.t.JMeterThread: Thread finished: Race Condition - No Lock 1-54
2026-04-29 18:31:16,815 INFO o.a.j.t.JMeterThread: Thread is done: Lock Protection - With Redisson 2-51
2026-04-29 18:31:16,815 INFO o.a.j.t.JMeterThread: Thread finished: Lock Protection - With Redisson 2-51
2026-04-29 18:31:16,816 INFO o.a.j.t.JMeterThread: Thread is done: Race Condition - No Lock 1-55
2026-04-29 18:31:16,816 INFO o.a.j.t.JMeterThread: Thread finished: Race Condition - No Lock 1-55
2026-04-29 18:31:16,821 INFO o.a.j.t.JMeterThread: Thread started: Lock Protection - With Redisson 2-52
2026-04-29 18:31:16,822 INFO o.a.j.t.JMeterThread: Thread started: Race Condition - No Lock 1-56
2026-04-29 18:31:16,830 INFO o.a.j.t.JMeterThread: Thread started: Lock Protection - With Redisson 2-53
2026-04-29 18:31:16,832 INFO o.a.j.t.JMeterThread: Thread is done: Lock Protection - With Redisson 2-52
2026-04-29 18:31:16,832 INFO o.a.j.t.JMeterThread: Thread finished: Lock Protection - With Redisson 2-52
2026-04-29 18:31:16,832 INFO o.a.j.t.JMeterThread: Thread started: Race Condition - No Lock 1-57
2026-04-29 18:31:16,832 INFO o.a.j.t.JMeterThread: Thread started: Virtual Threads - 500 users 4-10
2026-04-29 18:31:16,833 INFO o.a.j.t.JMeterThread: Thread is done: Race Condition - No Lock 1-56
2026-04-29 18:31:16,833 INFO o.a.j.t.JMeterThread: Thread finished: Race Condition - No Lock 1-56
2026-04-29 18:31:16,840 INFO o.a.j.t.JMeterThread: Thread started: Lock Protection - With Redisson 2-54
2026-04-29 18:31:16,841 INFO o.a.j.t.JMeterThread: Thread is done: Lock Protection - With Redisson 2-53
2026-04-29 18:31:16,842 INFO o.a.j.t.JMeterThread: Thread finished: Lock Protection - With Redisson 2-53
2026-04-29 18:31:16,842 INFO o.a.j.t.JMeterThread: Thread started: Race Condition - No Lock 1-58
2026-04-29 18:31:16,844 INFO o.a.j.t.JMeterThread: Thread is done: Race Condition - No Lock 1-57
2026-04-29 18:31:16,844 INFO o.a.j.t.JMeterThread: Thread finished: Race Condition - No Lock 1-57
2026-04-29 18:31:16,844 INFO o.a.j.t.JMeterThread: Thread is done: Virtual Threads - 500 users 4-10
2026-04-29 18:31:16,844 INFO o.a.j.t.JMeterThread: Thread finished: Virtual Threads - 500 users 4-10
2026-04-29 18:31:16,846 INFO o.a.j.t.JMeterThread: Thread started: Lock Protection - With Redisson 2-55
2026-04-29 18:31:16,847 INFO o.a.j.t.JMeterThread: Thread started: Platform Threads - 500 users 3-11
2026-04-29 18:31:16,848 INFO o.a.j.t.JMeterThread: Thread started: Race Condition - No Lock 1-59
2026-04-29 18:31:16,854 INFO o.a.j.t.JMeterThread: Thread is done: Lock Protection - With Redisson 2-54
2026-04-29 18:31:16,854 INFO o.a.j.t.JMeterThread: Thread finished: Lock Protection - With Redisson 2-54
2026-04-29 18:31:16,855 INFO o.a.j.t.JMeterThread: Thread is done: Race Condition - No Lock 1-58
2026-04-29 18:31:16,855 INFO o.a.j.t.JMeterThread: Thread finished: Race Condition - No Lock 1-58
2026-04-29 18:31:16,856 INFO o.a.j.t.JMeterThread: Thread started: Lock Protection - With Redisson 2-56
2026-04-29 18:31:16,858 INFO o.a.j.t.JMeterThread: Thread started: Race Condition - No Lock 1-60
2026-04-29 18:31:16,859 INFO o.a.j.t.JMeterThread: Thread is done: Lock Protection - With Redisson 2-55
2026-04-29 18:31:16,859 INFO o.a.j.t.JMeterThread: Thread finished: Lock Protection - With Redisson 2-55
2026-04-29 18:31:16,862 INFO o.a.j.t.JMeterThread: Thread is done: Platform Threads - 500 users 3-11
2026-04-29 18:31:16,862 INFO o.a.j.t.JMeterThread: Thread finished: Platform Threads - 500 users 3-11
2026-04-29 18:31:16,864 INFO o.a.j.t.JMeterThread: Thread is done: Race Condition - No Lock 1-59
2026-04-29 18:31:16,864 INFO o.a.j.t.JMeterThread: Thread finished: Race Condition - No Lock 1-59
2026-04-29 18:31:16,866 INFO o.a.j.t.JMeterThread: Thread started: Lock Protection - With Redisson 2-57
2026-04-29 18:31:16,871 INFO o.a.j.t.JMeterThread: Thread started: Race Condition - No Lock 1-61
2026-04-29 18:31:16,877 INFO o.a.j.t.JMeterThread: Thread started: Lock Protection - With Redisson 2-58
2026-04-29 18:31:16,877 INFO o.a.j.t.JMeterThread: Thread is done: Lock Protection - With Redisson 2-56
2026-04-29 18:31:16,877 INFO o.a.j.t.JMeterThread: Thread finished: Lock Protection - With Redisson 2-56
2026-04-29 18:31:16,878 INFO o.a.j.t.JMeterThread: Thread is done: Race Condition - No Lock 1-60
2026-04-29 18:31:16,878 INFO o.a.j.t.JMeterThread: Thread finished: Race Condition - No Lock 1-60
2026-04-29 18:31:16,878 INFO o.a.j.t.JMeterThread: Thread started: Race Condition - No Lock 1-62
2026-04-29 18:31:16,878 INFO o.a.j.t.JMeterThread: Thread started: Virtual Threads - 500 users 4-11
2026-04-29 18:31:16,879 INFO o.a.j.t.JMeterThread: Thread is done: Lock Protection - With Redisson 2-57
2026-04-29 18:31:16,880 INFO o.a.j.t.JMeterThread: Thread finished: Lock Protection - With Redisson 2-57
2026-04-29 18:31:16,881 INFO o.a.j.t.JMeterThread: Thread is done: Race Condition - No Lock 1-61
2026-04-29 18:31:16,881 INFO o.a.j.t.JMeterThread: Thread finished: Race Condition - No Lock 1-61
2026-04-29 18:31:16,885 INFO o.a.j.t.JMeterThread: Thread is done: Lock Protection - With Redisson 2-58
2026-04-29 18:31:16,885 INFO o.a.j.t.JMeterThread: Thread finished: Lock Protection - With Redisson 2-58
2026-04-29 18:31:16,887 INFO o.a.j.t.JMeterThread: Thread is done: Race Condition - No Lock 1-62
2026-04-29 18:31:16,887 INFO o.a.j.t.JMeterThread: Thread started: Lock Protection - With Redisson 2-59
2026-04-29 18:31:16,887 INFO o.a.j.t.JMeterThread: Thread is done: Virtual Threads - 500 users 4-11
2026-04-29 18:31:16,887 INFO o.a.j.t.JMeterThread: Thread finished: Race Condition - No Lock 1-62
2026-04-29 18:31:16,887 INFO o.a.j.t.JMeterThread: Thread finished: Virtual Threads - 500 users 4-11
2026-04-29 18:31:16,890 INFO o.a.j.t.JMeterThread: Thread started: Race Condition - No Lock 1-63
2026-04-29 18:31:16,897 INFO o.a.j.t.JMeterThread: Thread started: Lock Protection - With Redisson 2-60
2026-04-29 18:31:16,897 INFO o.a.j.t.JMeterThread: Thread started: Platform Threads - 500 users 3-12
2026-04-29 18:31:16,898 INFO o.a.j.t.JMeterThread: Thread is done: Lock Protection - With Redisson 2-59
2026-04-29 18:31:16,898 INFO o.a.j.t.JMeterThread: Thread finished: Lock Protection - With Redisson 2-59
2026-04-29 18:31:16,899 INFO o.a.j.t.JMeterThread: Thread started: Race Condition - No Lock 1-64
2026-04-29 18:31:16,900 INFO o.a.j.t.JMeterThread: Thread is done: Race Condition - No Lock 1-63
2026-04-29 18:31:16,900 INFO o.a.j.t.JMeterThread: Thread finished: Race Condition - No Lock 1-63
2026-04-29 18:31:16,907 INFO o.a.j.t.JMeterThread: Thread started: Lock Protection - With Redisson 2-61
2026-04-29 18:31:16,907 INFO o.a.j.t.JMeterThread: Thread is done: Lock Protection - With Redisson 2-60
2026-04-29 18:31:16,907 INFO o.a.j.t.JMeterThread: Thread is done: Platform Threads - 500 users 3-12
2026-04-29 18:31:16,908 INFO o.a.j.t.JMeterThread: Thread finished: Lock Protection - With Redisson 2-60
2026-04-29 18:31:16,908 INFO o.a.j.t.JMeterThread: Thread finished: Platform Threads - 500 users 3-12
2026-04-29 18:31:16,909 INFO o.a.j.t.JMeterThread: Thread is done: Race Condition - No Lock 1-64
2026-04-29 18:31:16,909 INFO o.a.j.t.JMeterThread: Thread finished: Race Condition - No Lock 1-64
2026-04-29 18:31:16,912 INFO o.a.j.t.JMeterThread: Thread started: Race Condition - No Lock 1-65
2026-04-29 18:31:16,916 INFO o.a.j.t.JMeterThread: Thread is done: Lock Protection - With Redisson 2-61
2026-04-29 18:31:16,916 INFO o.a.j.t.JMeterThread: Thread finished: Lock Protection - With Redisson 2-61
2026-04-29 18:31:16,920 INFO o.a.j.t.JMeterThread: Thread is done: Race Condition - No Lock 1-65
2026-04-29 18:31:16,920 INFO o.a.j.t.JMeterThread: Thread finished: Race Condition - No Lock 1-65
2026-04-29 18:31:16,920 INFO o.a.j.t.JMeterThread: Thread started: Race Condition - No Lock 1-66
2026-04-29 18:31:16,920 INFO o.a.j.t.JMeterThread: Thread started: Lock Protection - With Redisson 2-62
2026-04-29 18:31:16,929 INFO o.a.j.t.JMeterThread: Thread is done: Lock Protection - With Redisson 2-62
2026-04-29 18:31:16,929 INFO o.a.j.t.JMeterThread: Thread is done: Race Condition - No Lock 1-66
2026-04-29 18:31:16,929 INFO o.a.j.t.JMeterThread: Thread finished: Lock Protection - With Redisson 2-62
2026-04-29 18:31:16,929 INFO o.a.j.t.JMeterThread: Thread finished: Race Condition - No Lock 1-66
2026-04-29 18:31:16,929 INFO o.a.j.t.JMeterThread: Thread started: Race Condition - No Lock 1-67
2026-04-29 18:31:16,929 INFO o.a.j.t.JMeterThread: Thread started: Lock Protection - With Redisson 2-63
2026-04-29 18:31:16,929 INFO o.a.j.t.JMeterThread: Thread started: Virtual Threads - 500 users 4-12
2026-04-29 18:31:16,937 INFO o.a.j.t.JMeterThread: Thread is done: Lock Protection - With Redisson 2-63
2026-04-29 18:31:16,937 INFO o.a.j.t.JMeterThread: Thread started: Lock Protection - With Redisson 2-64
2026-04-29 18:31:16,937 INFO o.a.j.t.JMeterThread: Thread finished: Lock Protection - With Redisson 2-63
2026-04-29 18:31:16,938 INFO o.a.j.t.JMeterThread: Thread is done: Race Condition - No Lock 1-67
2026-04-29 18:31:16,938 INFO o.a.j.t.JMeterThread: Thread finished: Race Condition - No Lock 1-67
2026-04-29 18:31:16,938 INFO o.a.j.t.JMeterThread: Thread is done: Virtual Threads - 500 users 4-12
2026-04-29 18:31:16,938 INFO o.a.j.t.JMeterThread: Thread finished: Virtual Threads - 500 users 4-12
2026-04-29 18:31:16,942 INFO o.a.j.t.JMeterThread: Thread started: Race Condition - No Lock 1-68
2026-04-29 18:31:16,946 INFO o.a.j.t.JMeterThread: Thread started: Lock Protection - With Redisson 2-65
2026-04-29 18:31:16,947 INFO o.a.j.t.JMeterThread: Thread started: Platform Threads - 500 users 3-13
2026-04-29 18:31:16,947 INFO o.a.j.t.JMeterThread: Thread started: Race Condition - No Lock 1-69
2026-04-29 18:31:16,948 INFO o.a.j.t.JMeterThread: Thread is done: Lock Protection - With Redisson 2-64
2026-04-29 18:31:16,948 INFO o.a.j.t.JMeterThread: Thread finished: Lock Protection - With Redisson 2-64
2026-04-29 18:31:16,951 INFO o.a.j.t.JMeterThread: Thread is done: Race Condition - No Lock 1-68
2026-04-29 18:31:16,951 INFO o.a.j.t.JMeterThread: Thread finished: Race Condition - No Lock 1-68
2026-04-29 18:31:16,956 INFO o.a.j.t.JMeterThread: Thread is done: Lock Protection - With Redisson 2-65
2026-04-29 18:31:16,956 INFO o.a.j.t.JMeterThread: Thread finished: Lock Protection - With Redisson 2-65
2026-04-29 18:31:16,958 INFO o.a.j.t.JMeterThread: Thread is done: Race Condition - No Lock 1-69
2026-04-29 18:31:16,958 INFO o.a.j.t.JMeterThread: Thread is done: Platform Threads - 500 users 3-13
2026-04-29 18:31:16,958 INFO o.a.j.t.JMeterThread: Thread finished: Race Condition - No Lock 1-69
2026-04-29 18:31:16,958 INFO o.a.j.t.JMeterThread: Thread finished: Platform Threads - 500 users 3-13
2026-04-29 18:31:16,960 INFO o.a.j.t.JMeterThread: Thread started: Lock Protection - With Redisson 2-66
2026-04-29 18:31:16,961 INFO o.a.j.t.JMeterThread: Thread started: Race Condition - No Lock 1-70
2026-04-29 18:31:16,968 INFO o.a.j.t.JMeterThread: Thread is done: Lock Protection - With Redisson 2-66
2026-04-29 18:31:16,968 INFO o.a.j.t.JMeterThread: Thread finished: Lock Protection - With Redisson 2-66
2026-04-29 18:31:16,968 INFO o.a.j.t.JMeterThread: Thread is done: Race Condition - No Lock 1-70
2026-04-29 18:31:16,968 INFO o.a.j.t.JMeterThread: Thread finished: Race Condition - No Lock 1-70
2026-04-29 18:31:16,970 INFO o.a.j.t.JMeterThread: Thread started: Lock Protection - With Redisson 2-67
2026-04-29 18:31:16,970 INFO o.a.j.t.JMeterThread: Thread started: Race Condition - No Lock 1-71
2026-04-29 18:31:16,976 INFO o.a.j.t.JMeterThread: Thread started: Lock Protection - With Redisson 2-68
2026-04-29 18:31:16,977 INFO o.a.j.t.JMeterThread: Thread is done: Lock Protection - With Redisson 2-67
2026-04-29 18:31:16,977 INFO o.a.j.t.JMeterThread: Thread finished: Lock Protection - With Redisson 2-67
2026-04-29 18:31:16,978 INFO o.a.j.t.JMeterThread: Thread is done: Race Condition - No Lock 1-71
2026-04-29 18:31:16,978 INFO o.a.j.t.JMeterThread: Thread finished: Race Condition - No Lock 1-71
2026-04-29 18:31:16,980 INFO o.a.j.t.JMeterThread: Thread started: Virtual Threads - 500 users 4-13
2026-04-29 18:31:16,980 INFO o.a.j.t.JMeterThread: Thread started: Race Condition - No Lock 1-72
2026-04-29 18:31:16,983 INFO o.a.j.t.JMeterThread: Thread is done: Lock Protection - With Redisson 2-68
2026-04-29 18:31:16,983 INFO o.a.j.t.JMeterThread: Thread finished: Lock Protection - With Redisson 2-68
2026-04-29 18:31:16,987 INFO o.a.j.t.JMeterThread: Thread started: Lock Protection - With Redisson 2-69
2026-04-29 18:31:16,987 INFO o.a.j.t.JMeterThread: Thread is done: Race Condition - No Lock 1-72
2026-04-29 18:31:16,987 INFO o.a.j.t.JMeterThread: Thread is done: Virtual Threads - 500 users 4-13
2026-04-29 18:31:16,987 INFO o.a.j.t.JMeterThread: Thread finished: Race Condition - No Lock 1-72
2026-04-29 18:31:16,987 INFO o.a.j.t.JMeterThread: Thread finished: Virtual Threads - 500 users 4-13
2026-04-29 18:31:16,992 INFO o.a.j.t.JMeterThread: Thread started: Race Condition - No Lock 1-73
2026-04-29 18:31:16,996 INFO o.a.j.t.JMeterThread: Thread is done: Lock Protection - With Redisson 2-69
2026-04-29 18:31:16,996 INFO o.a.j.t.JMeterThread: Thread started: Platform Threads - 500 users 3-14
2026-04-29 18:31:16,996 INFO o.a.j.t.JMeterThread: Thread started: Lock Protection - With Redisson 2-70
2026-04-29 18:31:16,996 INFO o.a.j.t.JMeterThread: Thread finished: Lock Protection - With Redisson 2-69
2026-04-29 18:31:16,998 INFO o.a.j.t.JMeterThread: Thread started: Race Condition - No Lock 1-74
2026-04-29 18:31:17,001 INFO o.a.j.t.JMeterThread: Thread is done: Race Condition - No Lock 1-73
2026-04-29 18:31:17,001 INFO o.a.j.t.JMeterThread: Thread finished: Race Condition - No Lock 1-73
2026-04-29 18:31:17,006 INFO o.a.j.t.JMeterThread: Thread is done: Lock Protection - With Redisson 2-70
2026-04-29 18:31:17,006 INFO o.a.j.t.JMeterThread: Thread is done: Platform Threads - 500 users 3-14
2026-04-29 18:31:17,006 INFO o.a.j.t.JMeterThread: Thread finished: Lock Protection - With Redisson 2-70
2026-04-29 18:31:17,006 INFO o.a.j.t.JMeterThread: Thread finished: Platform Threads - 500 users 3-14
2026-04-29 18:31:17,007 INFO o.a.j.t.JMeterThread: Thread started: Lock Protection - With Redisson 2-71
2026-04-29 18:31:17,007 INFO o.a.j.t.JMeterThread: Thread is done: Race Condition - No Lock 1-74
2026-04-29 18:31:17,007 INFO o.a.j.t.JMeterThread: Thread finished: Race Condition - No Lock 1-74
2026-04-29 18:31:17,011 INFO o.a.j.t.JMeterThread: Thread started: Race Condition - No Lock 1-75
2026-04-29 18:31:17,015 INFO o.a.j.t.JMeterThread: Thread is done: Lock Protection - With Redisson 2-71
2026-04-29 18:31:17,015 INFO o.a.j.t.JMeterThread: Thread finished: Lock Protection - With Redisson 2-71
2026-04-29 18:31:17,018 INFO o.a.j.t.JMeterThread: Thread is done: Race Condition - No Lock 1-75
2026-04-29 18:31:17,018 INFO o.a.j.t.JMeterThread: Thread finished: Race Condition - No Lock 1-75
2026-04-29 18:31:17,019 INFO o.a.j.t.JMeterThread: Thread started: Lock Protection - With Redisson 2-72
2026-04-29 18:31:17,020 INFO o.a.j.t.JMeterThread: Thread started: Race Condition - No Lock 1-76
2026-04-29 18:31:17,027 INFO o.a.j.t.JMeterThread: Thread is done: Lock Protection - With Redisson 2-72
2026-04-29 18:31:17,027 INFO o.a.j.t.JMeterThread: Thread finished: Lock Protection - With Redisson 2-72
2026-04-29 18:31:17,027 INFO o.a.j.t.JMeterThread: Thread is done: Race Condition - No Lock 1-76
2026-04-29 18:31:17,028 INFO o.a.j.t.JMeterThread: Thread finished: Race Condition - No Lock 1-76
2026-04-29 18:31:17,028 INFO o.a.j.t.JMeterThread: Thread started: Virtual Threads - 500 users 4-14
2026-04-29 18:31:17,028 INFO o.a.j.t.JMeterThread: Thread started: Race Condition - No Lock 1-77
2026-04-29 18:31:17,028 INFO o.a.j.t.JMeterThread: Thread started: Lock Protection - With Redisson 2-73
2026-04-29 18:31:17,036 INFO o.a.j.t.JMeterThread: Thread is done: Lock Protection - With Redisson 2-73
2026-04-29 18:31:17,036 INFO o.a.j.t.JMeterThread: Thread is done: Virtual Threads - 500 users 4-14
2026-04-29 18:31:17,036 INFO o.a.j.t.JMeterThread: Thread is done: Race Condition - No Lock 1-77
2026-04-29 18:31:17,036 INFO o.a.j.t.JMeterThread: Thread finished: Lock Protection - With Redisson 2-73
2026-04-29 18:31:17,036 INFO o.a.j.t.JMeterThread: Thread finished: Virtual Threads - 500 users 4-14
2026-04-29 18:31:17,037 INFO o.a.j.t.JMeterThread: Thread finished: Race Condition - No Lock 1-77
2026-04-29 18:31:17,037 INFO o.a.j.t.JMeterThread: Thread started: Lock Protection - With Redisson 2-74
2026-04-29 18:31:17,039 INFO o.a.j.t.JMeterThread: Thread started: Race Condition - No Lock 1-78
2026-04-29 18:31:17,047 INFO o.a.j.t.JMeterThread: Thread started: Lock Protection - With Redisson 2-75
2026-04-29 18:31:17,047 INFO o.a.j.t.JMeterThread: Thread started: Race Condition - No Lock 1-79
2026-04-29 18:31:17,047 INFO o.a.j.t.JMeterThread: Thread started: Platform Threads - 500 users 3-15
2026-04-29 18:31:17,051 INFO o.a.j.t.JMeterThread: Thread is done: Lock Protection - With Redisson 2-74
2026-04-29 18:31:17,051 INFO o.a.j.t.JMeterThread: Thread finished: Lock Protection - With Redisson 2-74
2026-04-29 18:31:17,053 INFO o.a.j.t.JMeterThread: Thread is done: Race Condition - No Lock 1-78
2026-04-29 18:31:17,053 INFO o.a.j.t.JMeterThread: Thread finished: Race Condition - No Lock 1-78
2026-04-29 18:31:17,058 INFO o.a.j.t.JMeterThread: Thread is done: Lock Protection - With Redisson 2-75
2026-04-29 18:31:17,058 INFO o.a.j.t.JMeterThread: Thread is done: Race Condition - No Lock 1-79
2026-04-29 18:31:17,058 INFO o.a.j.t.JMeterThread: Thread finished: Race Condition - No Lock 1-79
2026-04-29 18:31:17,058 INFO o.a.j.t.JMeterThread: Thread finished: Lock Protection - With Redisson 2-75
2026-04-29 18:31:17,058 INFO o.a.j.t.JMeterThread: Thread is done: Platform Threads - 500 users 3-15
2026-04-29 18:31:17,058 INFO o.a.j.t.JMeterThread: Thread finished: Platform Threads - 500 users 3-15
2026-04-29 18:31:17,060 INFO o.a.j.t.JMeterThread: Thread started: Lock Protection - With Redisson 2-76
2026-04-29 18:31:17,062 INFO o.a.j.t.JMeterThread: Thread started: Race Condition - No Lock 1-80
2026-04-29 18:31:17,069 INFO o.a.j.t.JMeterThread: Thread started: Lock Protection - With Redisson 2-77
2026-04-29 18:31:17,070 INFO o.a.j.t.JMeterThread: Thread is done: Lock Protection - With Redisson 2-76
2026-04-29 18:31:17,070 INFO o.a.j.t.JMeterThread: Thread finished: Lock Protection - With Redisson 2-76
2026-04-29 18:31:17,071 INFO o.a.j.t.JMeterThread: Thread started: Race Condition - No Lock 1-81
2026-04-29 18:31:17,072 INFO o.a.j.t.JMeterThread: Thread is done: Race Condition - No Lock 1-80
2026-04-29 18:31:17,072 INFO o.a.j.t.JMeterThread: Thread finished: Race Condition - No Lock 1-80
2026-04-29 18:31:17,077 INFO o.a.j.t.JMeterThread: Thread is done: Lock Protection - With Redisson 2-77
2026-04-29 18:31:17,077 INFO o.a.j.t.JMeterThread: Thread finished: Lock Protection - With Redisson 2-77
2026-04-29 18:31:17,078 INFO o.a.j.t.JMeterThread: Thread is done: Race Condition - No Lock 1-81
2026-04-29 18:31:17,078 INFO o.a.j.t.JMeterThread: Thread finished: Race Condition - No Lock 1-81
2026-04-29 18:31:17,080 INFO o.a.j.t.JMeterThread: Thread started: Lock Protection - With Redisson 2-78
2026-04-29 18:31:17,082 INFO o.a.j.t.JMeterThread: Thread started: Virtual Threads - 500 users 4-15
2026-04-29 18:31:17,082 INFO o.a.j.t.JMeterThread: Thread started: Race Condition - No Lock 1-82
2026-04-29 18:31:17,087 INFO o.a.j.t.JMeterThread: Thread started: Lock Protection - With Redisson 2-79
2026-04-29 18:31:17,088 INFO o.a.j.t.JMeterThread: Thread started: Race Condition - No Lock 1-83
2026-04-29 18:31:17,088 INFO o.a.j.t.JMeterThread: Thread is done: Lock Protection - With Redisson 2-78
2026-04-29 18:31:17,088 INFO o.a.j.t.JMeterThread: Thread finished: Lock Protection - With Redisson 2-78
2026-04-29 18:31:17,089 INFO o.a.j.t.JMeterThread: Thread is done: Race Condition - No Lock 1-82
2026-04-29 18:31:17,089 INFO o.a.j.t.JMeterThread: Thread finished: Race Condition - No Lock 1-82
2026-04-29 18:31:17,090 INFO o.a.j.t.JMeterThread: Thread is done: Virtual Threads - 500 users 4-15
2026-04-29 18:31:17,090 INFO o.a.j.t.JMeterThread: Thread finished: Virtual Threads - 500 users 4-15
2026-04-29 18:31:17,095 INFO o.a.j.t.JMeterThread: Thread is done: Lock Protection - With Redisson 2-79
2026-04-29 18:31:17,095 INFO o.a.j.t.JMeterThread: Thread finished: Lock Protection - With Redisson 2-79
2026-04-29 18:31:17,096 INFO o.a.j.t.JMeterThread: Thread is done: Race Condition - No Lock 1-83
2026-04-29 18:31:17,096 INFO o.a.j.t.JMeterThread: Thread finished: Race Condition - No Lock 1-83
2026-04-29 18:31:17,096 INFO o.a.j.t.JMeterThread: Thread started: Lock Protection - With Redisson 2-80
2026-04-29 18:31:17,097 INFO o.a.j.t.JMeterThread: Thread started: Platform Threads - 500 users 3-16
2026-04-29 18:31:17,098 INFO o.a.j.t.JMeterThread: Thread started: Race Condition - No Lock 1-84
2026-04-29 18:31:17,104 INFO o.a.j.t.JMeterThread: Thread is done: Lock Protection - With Redisson 2-80
2026-04-29 18:31:17,104 INFO o.a.j.t.JMeterThread: Thread finished: Lock Protection - With Redisson 2-80
2026-04-29 18:31:17,105 INFO o.a.j.t.JMeterThread: Thread is done: Platform Threads - 500 users 3-16
2026-04-29 18:31:17,105 INFO o.a.j.t.JMeterThread: Thread finished: Platform Threads - 500 users 3-16
2026-04-29 18:31:17,106 INFO o.a.j.t.JMeterThread: Thread is done: Race Condition - No Lock 1-84
2026-04-29 18:31:17,106 INFO o.a.j.t.JMeterThread: Thread finished: Race Condition - No Lock 1-84
2026-04-29 18:31:17,111 INFO o.a.j.t.JMeterThread: Thread started: Lock Protection - With Redisson 2-81
2026-04-29 18:31:17,111 INFO o.a.j.t.JMeterThread: Thread started: Race Condition - No Lock 1-85
2026-04-29 18:31:17,118 INFO o.a.j.t.JMeterThread: Thread is done: Lock Protection - With Redisson 2-81
2026-04-29 18:31:17,118 INFO o.a.j.t.JMeterThread: Thread finished: Lock Protection - With Redisson 2-81
2026-04-29 18:31:17,118 INFO o.a.j.t.JMeterThread: Thread is done: Race Condition - No Lock 1-85
2026-04-29 18:31:17,118 INFO o.a.j.t.JMeterThread: Thread finished: Race Condition - No Lock 1-85
2026-04-29 18:31:17,119 INFO o.a.j.t.JMeterThread: Thread started: Lock Protection - With Redisson 2-82
2026-04-29 18:31:17,122 INFO o.a.j.t.JMeterThread: Thread started: Race Condition - No Lock 1-86
2026-04-29 18:31:17,125 INFO o.a.j.t.JMeterThread: Thread is done: Lock Protection - With Redisson 2-82
2026-04-29 18:31:17,126 INFO o.a.j.t.JMeterThread: Thread finished: Lock Protection - With Redisson 2-82
2026-04-29 18:31:17,127 INFO o.a.j.t.JMeterThread: Thread is done: Race Condition - No Lock 1-86
2026-04-29 18:31:17,127 INFO o.a.j.t.JMeterThread: Thread finished: Race Condition - No Lock 1-86
2026-04-29 18:31:17,128 INFO o.a.j.t.JMeterThread: Thread started: Lock Protection - With Redisson 2-83
2026-04-29 18:31:17,131 INFO o.a.j.t.JMeterThread: Thread started: Race Condition - No Lock 1-87
2026-04-29 18:31:17,131 INFO o.a.j.t.JMeterThread: Thread started: Virtual Threads - 500 users 4-16
2026-04-29 18:31:17,135 INFO o.a.j.t.JMeterThread: Thread is done: Lock Protection - With Redisson 2-83
2026-04-29 18:31:17,135 INFO o.a.j.t.JMeterThread: Thread finished: Lock Protection - With Redisson 2-83
2026-04-29 18:31:17,138 INFO o.a.j.t.JMeterThread: Thread is done: Race Condition - No Lock 1-87
2026-04-29 18:31:17,138 INFO o.a.j.t.JMeterThread: Thread is done: Virtual Threads - 500 users 4-16
2026-04-29 18:31:17,138 INFO o.a.j.t.JMeterThread: Thread finished: Virtual Threads - 500 users 4-16
2026-04-29 18:31:17,138 INFO o.a.j.t.JMeterThread: Thread finished: Race Condition - No Lock 1-87
2026-04-29 18:31:17,141 INFO o.a.j.t.JMeterThread: Thread started: Lock Protection - With Redisson 2-84
2026-04-29 18:31:17,142 INFO o.a.j.t.JMeterThread: Thread started: Race Condition - No Lock 1-88
2026-04-29 18:31:17,148 INFO o.a.j.t.JMeterThread: Thread is done: Lock Protection - With Redisson 2-84
2026-04-29 18:31:17,148 INFO o.a.j.t.JMeterThread: Thread finished: Lock Protection - With Redisson 2-84
2026-04-29 18:31:17,149 INFO o.a.j.t.JMeterThread: Thread started: Platform Threads - 500 users 3-17
2026-04-29 18:31:17,149 INFO o.a.j.t.JMeterThread: Thread is done: Race Condition - No Lock 1-88
2026-04-29 18:31:17,149 INFO o.a.j.t.JMeterThread: Thread finished: Race Condition - No Lock 1-88
2026-04-29 18:31:17,152 INFO o.a.j.t.JMeterThread: Thread started: Race Condition - No Lock 1-89
2026-04-29 18:31:17,153 INFO o.a.j.t.JMeterThread: Thread started: Lock Protection - With Redisson 2-85
2026-04-29 18:31:17,158 INFO o.a.j.t.JMeterThread: Thread is done: Platform Threads - 500 users 3-17
2026-04-29 18:31:17,158 INFO o.a.j.t.JMeterThread: Thread finished: Platform Threads - 500 users 3-17
2026-04-29 18:31:17,159 INFO o.a.j.t.JMeterThread: Thread is done: Lock Protection - With Redisson 2-85
2026-04-29 18:31:17,159 INFO o.a.j.t.JMeterThread: Thread finished: Lock Protection - With Redisson 2-85
2026-04-29 18:31:17,159 INFO o.a.j.t.JMeterThread: Thread is done: Race Condition - No Lock 1-89
2026-04-29 18:31:17,159 INFO o.a.j.t.JMeterThread: Thread finished: Race Condition - No Lock 1-89
2026-04-29 18:31:17,162 INFO o.a.j.t.JMeterThread: Thread started: Lock Protection - With Redisson 2-86
2026-04-29 18:31:17,162 INFO o.a.j.t.JMeterThread: Thread started: Race Condition - No Lock 1-90
2026-04-29 18:31:17,169 INFO o.a.j.t.JMeterThread: Thread is done: Lock Protection - With Redisson 2-86
2026-04-29 18:31:17,169 INFO o.a.j.t.JMeterThread: Thread is done: Race Condition - No Lock 1-90
2026-04-29 18:31:17,169 INFO o.a.j.t.JMeterThread: Thread finished: Lock Protection - With Redisson 2-86
2026-04-29 18:31:17,169 INFO o.a.j.t.JMeterThread: Thread finished: Race Condition - No Lock 1-90
2026-04-29 18:31:17,172 INFO o.a.j.t.JMeterThread: Thread started: Race Condition - No Lock 1-91
2026-04-29 18:31:17,172 INFO o.a.j.t.JMeterThread: Thread started: Lock Protection - With Redisson 2-87
2026-04-29 18:31:17,177 INFO o.a.j.t.JMeterThread: Thread started: Lock Protection - With Redisson 2-88
2026-04-29 18:31:17,179 INFO o.a.j.t.JMeterThread: Thread is done: Race Condition - No Lock 1-91
2026-04-29 18:31:17,179 INFO o.a.j.t.JMeterThread: Thread finished: Race Condition - No Lock 1-91
2026-04-29 18:31:17,179 INFO o.a.j.t.JMeterThread: Thread is done: Lock Protection - With Redisson 2-87
2026-04-29 18:31:17,179 INFO o.a.j.t.JMeterThread: Thread finished: Lock Protection - With Redisson 2-87
2026-04-29 18:31:17,182 INFO o.a.j.t.JMeterThread: Thread started: Race Condition - No Lock 1-92
2026-04-29 18:31:17,182 INFO o.a.j.t.JMeterThread: Thread is done: Lock Protection - With Redisson 2-88
2026-04-29 18:31:17,182 INFO o.a.j.t.JMeterThread: Thread finished: Lock Protection - With Redisson 2-88
2026-04-29 18:31:17,188 INFO o.a.j.t.JMeterThread: Thread started: Lock Protection - With Redisson 2-89
2026-04-29 18:31:17,188 INFO o.a.j.t.JMeterThread: Thread started: Race Condition - No Lock 1-93
2026-04-29 18:31:17,189 INFO o.a.j.t.JMeterThread: Thread is done: Race Condition - No Lock 1-92
2026-04-29 18:31:17,189 INFO o.a.j.t.JMeterThread: Thread finished: Race Condition - No Lock 1-92
2026-04-29 18:31:17,195 INFO o.a.j.t.JMeterThread: Thread is done: Lock Protection - With Redisson 2-89
2026-04-29 18:31:17,195 INFO o.a.j.t.JMeterThread: Thread is done: Race Condition - No Lock 1-93
2026-04-29 18:31:17,195 INFO o.a.j.t.JMeterThread: Thread finished: Lock Protection - With Redisson 2-89
2026-04-29 18:31:17,195 INFO o.a.j.t.JMeterThread: Thread finished: Race Condition - No Lock 1-93
2026-04-29 18:31:17,200 INFO o.a.j.t.JMeterThread: Thread started: Race Condition - No Lock 1-94
2026-04-29 18:31:17,200 INFO o.a.j.t.JMeterThread: Thread started: Lock Protection - With Redisson 2-90
2026-04-29 18:31:17,200 INFO o.a.j.t.JMeterThread: Thread started: Platform Threads - 500 users 3-18
2026-04-29 18:31:17,206 INFO o.a.j.t.JMeterThread: Thread started: Virtual Threads - 500 users 4-17
2026-04-29 18:31:17,207 INFO o.a.j.t.JMeterThread: Thread is done: Race Condition - No Lock 1-94
2026-04-29 18:31:17,207 INFO o.a.j.t.JMeterThread: Thread is done: Lock Protection - With Redisson 2-90
2026-04-29 18:31:17,207 INFO o.a.j.t.JMeterThread: Thread finished: Race Condition - No Lock 1-94
2026-04-29 18:31:17,207 INFO o.a.j.t.JMeterThread: Thread finished: Lock Protection - With Redisson 2-90
2026-04-29 18:31:17,207 INFO o.a.j.t.JMeterThread: Thread is done: Platform Threads - 500 users 3-18
2026-04-29 18:31:17,207 INFO o.a.j.t.JMeterThread: Thread finished: Platform Threads - 500 users 3-18
2026-04-29 18:31:17,210 INFO o.a.j.t.JMeterThread: Thread started: Lock Protection - With Redisson 2-91
2026-04-29 18:31:17,211 INFO o.a.j.t.JMeterThread: Thread is done: Virtual Threads - 500 users 4-17
2026-04-29 18:31:17,211 INFO o.a.j.t.JMeterThread: Thread finished: Virtual Threads - 500 users 4-17
2026-04-29 18:31:17,211 INFO o.a.j.t.JMeterThread: Thread started: Race Condition - No Lock 1-95
2026-04-29 18:31:17,215 INFO o.a.j.t.JMeterThread: Thread is done: Lock Protection - With Redisson 2-91
2026-04-29 18:31:17,215 INFO o.a.j.t.JMeterThread: Thread finished: Lock Protection - With Redisson 2-91
2026-04-29 18:31:17,217 INFO o.a.j.t.JMeterThread: Thread is done: Race Condition - No Lock 1-95
2026-04-29 18:31:17,218 INFO o.a.j.t.JMeterThread: Thread finished: Race Condition - No Lock 1-95
2026-04-29 18:31:17,219 INFO o.a.j.t.JMeterThread: Thread started: Lock Protection - With Redisson 2-92
2026-04-29 18:31:17,221 INFO o.a.j.t.JMeterThread: Thread started: Race Condition - No Lock 1-96
2026-04-29 18:31:17,225 INFO o.a.j.t.JMeterThread: Thread is done: Lock Protection - With Redisson 2-92
2026-04-29 18:31:17,225 INFO o.a.j.t.JMeterThread: Thread finished: Lock Protection - With Redisson 2-92
2026-04-29 18:31:17,226 INFO o.a.j.t.JMeterThread: Thread is done: Race Condition - No Lock 1-96
2026-04-29 18:31:17,226 INFO o.a.j.t.JMeterThread: Thread finished: Race Condition - No Lock 1-96
2026-04-29 18:31:17,230 INFO o.a.j.t.JMeterThread: Thread started: Lock Protection - With Redisson 2-93
2026-04-29 18:31:17,231 INFO o.a.j.t.JMeterThread: Thread started: Race Condition - No Lock 1-97
2026-04-29 18:31:17,236 INFO o.a.j.t.JMeterThread: Thread is done: Lock Protection - With Redisson 2-93
2026-04-29 18:31:17,236 INFO o.a.j.t.JMeterThread: Thread is done: Race Condition - No Lock 1-97
2026-04-29 18:31:17,236 INFO o.a.j.t.JMeterThread: Thread finished: Lock Protection - With Redisson 2-93
2026-04-29 18:31:17,236 INFO o.a.j.t.JMeterThread: Thread finished: Race Condition - No Lock 1-97
2026-04-29 18:31:17,238 INFO o.a.j.t.JMeterThread: Thread started: Virtual Threads - 500 users 4-18
2026-04-29 18:31:17,238 INFO o.a.j.t.JMeterThread: Thread started: Lock Protection - With Redisson 2-94
2026-04-29 18:31:17,238 INFO o.a.j.t.JMeterThread: Thread started: Race Condition - No Lock 1-98
2026-04-29 18:31:17,245 INFO o.a.j.t.JMeterThread: Thread is done: Lock Protection - With Redisson 2-94
2026-04-29 18:31:17,245 INFO o.a.j.t.JMeterThread: Thread finished: Lock Protection - With Redisson 2-94
2026-04-29 18:31:17,245 INFO o.a.j.t.JMeterThread: Thread is done: Virtual Threads - 500 users 4-18
2026-04-29 18:31:17,245 INFO o.a.j.t.JMeterThread: Thread finished: Virtual Threads - 500 users 4-18
2026-04-29 18:31:17,246 INFO o.a.j.t.JMeterThread: Thread is done: Race Condition - No Lock 1-98
2026-04-29 18:31:17,246 INFO o.a.j.t.JMeterThread: Thread finished: Race Condition - No Lock 1-98
2026-04-29 18:31:17,250 INFO o.a.j.t.JMeterThread: Thread started: Lock Protection - With Redisson 2-95
2026-04-29 18:31:17,250 INFO o.a.j.t.JMeterThread: Thread started: Platform Threads - 500 users 3-19
2026-04-29 18:31:17,251 INFO o.a.j.t.JMeterThread: Thread started: Race Condition - No Lock 1-99
2026-04-29 18:31:17,259 INFO o.a.j.t.JMeterThread: Thread started: Lock Protection - With Redisson 2-96
2026-04-29 18:31:17,261 INFO o.a.j.t.JMeterThread: Thread is done: Lock Protection - With Redisson 2-95
2026-04-29 18:31:17,261 INFO o.a.j.t.JMeterThread: Thread is done: Platform Threads - 500 users 3-19
2026-04-29 18:31:17,261 INFO o.a.j.t.JMeterThread: Thread is done: Race Condition - No Lock 1-99
2026-04-29 18:31:17,261 INFO o.a.j.t.JMeterThread: Thread finished: Platform Threads - 500 users 3-19
2026-04-29 18:31:17,261 INFO o.a.j.t.JMeterThread: Thread finished: Lock Protection - With Redisson 2-95
2026-04-29 18:31:17,261 INFO o.a.j.t.JMeterThread: Thread finished: Race Condition - No Lock 1-99
2026-04-29 18:31:17,262 INFO o.a.j.t.JMeterThread: Thread started: Race Condition - No Lock 1-100
2026-04-29 18:31:17,266 INFO o.a.j.t.JMeterThread: Thread is done: Lock Protection - With Redisson 2-96
2026-04-29 18:31:17,266 INFO o.a.j.t.JMeterThread: Thread finished: Lock Protection - With Redisson 2-96
2026-04-29 18:31:17,267 INFO o.a.j.t.JMeterThread: Thread is done: Race Condition - No Lock 1-100
2026-04-29 18:31:17,267 INFO o.a.j.t.JMeterThread: Thread finished: Race Condition - No Lock 1-100
2026-04-29 18:31:17,270 INFO o.a.j.t.JMeterThread: Thread started: Lock Protection - With Redisson 2-97
2026-04-29 18:31:17,278 INFO o.a.j.t.JMeterThread: Thread is done: Lock Protection - With Redisson 2-97
2026-04-29 18:31:17,278 INFO o.a.j.t.JMeterThread: Thread finished: Lock Protection - With Redisson 2-97
2026-04-29 18:31:17,280 INFO o.a.j.t.JMeterThread: Thread started: Lock Protection - With Redisson 2-98
2026-04-29 18:31:17,284 INFO o.a.j.t.JMeterThread: Thread started: Virtual Threads - 500 users 4-19
2026-04-29 18:31:17,286 INFO o.a.j.t.JMeterThread: Thread is done: Lock Protection - With Redisson 2-98
2026-04-29 18:31:17,286 INFO o.a.j.t.JMeterThread: Thread finished: Lock Protection - With Redisson 2-98
2026-04-29 18:31:17,290 INFO o.a.j.t.JMeterThread: Thread started: Lock Protection - With Redisson 2-99
2026-04-29 18:31:17,291 INFO o.a.j.t.JMeterThread: Thread is done: Virtual Threads - 500 users 4-19
2026-04-29 18:31:17,291 INFO o.a.j.t.JMeterThread: Thread finished: Virtual Threads - 500 users 4-19
2026-04-29 18:31:17,298 INFO o.a.j.t.JMeterThread: Thread is done: Lock Protection - With Redisson 2-99
2026-04-29 18:31:17,298 INFO o.a.j.t.JMeterThread: Thread started: Platform Threads - 500 users 3-20
2026-04-29 18:31:17,298 INFO o.a.j.t.JMeterThread: Thread finished: Lock Protection - With Redisson 2-99
2026-04-29 18:31:17,298 INFO o.a.j.t.JMeterThread: Thread started: Lock Protection - With Redisson 2-100
2026-04-29 18:31:17,305 INFO o.a.j.t.JMeterThread: Thread is done: Platform Threads - 500 users 3-20
2026-04-29 18:31:17,305 INFO o.a.j.t.JMeterThread: Thread finished: Platform Threads - 500 users 3-20
2026-04-29 18:31:17,306 INFO o.a.j.t.JMeterThread: Thread is done: Lock Protection - With Redisson 2-100
2026-04-29 18:31:17,306 INFO o.a.j.t.JMeterThread: Thread finished: Lock Protection - With Redisson 2-100
2026-04-29 18:31:17,332 INFO o.a.j.t.JMeterThread: Thread started: Virtual Threads - 500 users 4-20
2026-04-29 18:31:17,341 INFO o.a.j.t.JMeterThread: Thread is done: Virtual Threads - 500 users 4-20
2026-04-29 18:31:17,341 INFO o.a.j.t.JMeterThread: Thread finished: Virtual Threads - 500 users 4-20
2026-04-29 18:31:17,348 INFO o.a.j.t.JMeterThread: Thread started: Platform Threads - 500 users 3-21
2026-04-29 18:31:17,358 INFO o.a.j.t.JMeterThread: Thread is done: Platform Threads - 500 users 3-21
2026-04-29 18:31:17,358 INFO o.a.j.t.JMeterThread: Thread finished: Platform Threads - 500 users 3-21
2026-04-29 18:31:17,383 INFO o.a.j.t.JMeterThread: Thread started: Virtual Threads - 500 users 4-21
2026-04-29 18:31:17,390 INFO o.a.j.t.JMeterThread: Thread is done: Virtual Threads - 500 users 4-21
2026-04-29 18:31:17,390 INFO o.a.j.t.JMeterThread: Thread finished: Virtual Threads - 500 users 4-21
2026-04-29 18:31:17,400 INFO o.a.j.t.JMeterThread: Thread started: Platform Threads - 500 users 3-22
2026-04-29 18:31:17,408 INFO o.a.j.t.JMeterThread: Thread is done: Platform Threads - 500 users 3-22
2026-04-29 18:31:17,408 INFO o.a.j.t.JMeterThread: Thread finished: Platform Threads - 500 users 3-22
2026-04-29 18:31:17,428 INFO o.a.j.t.JMeterThread: Thread started: Virtual Threads - 500 users 4-22
2026-04-29 18:31:17,436 INFO o.a.j.t.JMeterThread: Thread is done: Virtual Threads - 500 users 4-22
2026-04-29 18:31:17,436 INFO o.a.j.t.JMeterThread: Thread finished: Virtual Threads - 500 users 4-22
2026-04-29 18:31:17,447 INFO o.a.j.t.JMeterThread: Thread started: Platform Threads - 500 users 3-23
2026-04-29 18:31:17,457 INFO o.a.j.t.JMeterThread: Thread is done: Platform Threads - 500 users 3-23
2026-04-29 18:31:17,457 INFO o.a.j.t.JMeterThread: Thread finished: Platform Threads - 500 users 3-23
2026-04-29 18:31:17,482 INFO o.a.j.t.JMeterThread: Thread started: Virtual Threads - 500 users 4-23
2026-04-29 18:31:17,493 INFO o.a.j.t.JMeterThread: Thread is done: Virtual Threads - 500 users 4-23
2026-04-29 18:31:17,493 INFO o.a.j.t.JMeterThread: Thread finished: Virtual Threads - 500 users 4-23
2026-04-29 18:31:17,500 INFO o.a.j.t.JMeterThread: Thread started: Platform Threads - 500 users 3-24
2026-04-29 18:31:17,511 INFO o.a.j.t.JMeterThread: Thread is done: Platform Threads - 500 users 3-24
2026-04-29 18:31:17,511 INFO o.a.j.t.JMeterThread: Thread finished: Platform Threads - 500 users 3-24
2026-04-29 18:31:17,534 INFO o.a.j.t.JMeterThread: Thread started: Virtual Threads - 500 users 4-24
2026-04-29 18:31:17,542 INFO o.a.j.t.JMeterThread: Thread is done: Virtual Threads - 500 users 4-24
2026-04-29 18:31:17,542 INFO o.a.j.t.JMeterThread: Thread finished: Virtual Threads - 500 users 4-24
2026-04-29 18:31:17,548 INFO o.a.j.t.JMeterThread: Thread started: Platform Threads - 500 users 3-25
2026-04-29 18:31:17,557 INFO o.a.j.t.JMeterThread: Thread is done: Platform Threads - 500 users 3-25
2026-04-29 18:31:17,558 INFO o.a.j.t.JMeterThread: Thread finished: Platform Threads - 500 users 3-25
2026-04-29 18:31:17,581 INFO o.a.j.t.JMeterThread: Thread started: Virtual Threads - 500 users 4-25
2026-04-29 18:31:17,587 INFO o.a.j.t.JMeterThread: Thread is done: Virtual Threads - 500 users 4-25
2026-04-29 18:31:17,587 INFO o.a.j.t.JMeterThread: Thread finished: Virtual Threads - 500 users 4-25
2026-04-29 18:31:17,598 INFO o.a.j.t.JMeterThread: Thread started: Platform Threads - 500 users 3-26
2026-04-29 18:31:17,608 INFO o.a.j.t.JMeterThread: Thread is done: Platform Threads - 500 users 3-26
2026-04-29 18:31:17,609 INFO o.a.j.t.JMeterThread: Thread finished: Platform Threads - 500 users 3-26
2026-04-29 18:31:17,632 INFO o.a.j.t.JMeterThread: Thread started: Virtual Threads - 500 users 4-26
2026-04-29 18:31:17,638 INFO o.a.j.t.JMeterThread: Thread is done: Virtual Threads - 500 users 4-26
2026-04-29 18:31:17,638 INFO o.a.j.t.JMeterThread: Thread finished: Virtual Threads - 500 users 4-26
2026-04-29 18:31:17,647 INFO o.a.j.t.JMeterThread: Thread started: Platform Threads - 500 users 3-27
2026-04-29 18:31:17,656 INFO o.a.j.t.JMeterThread: Thread is done: Platform Threads - 500 users 3-27
2026-04-29 18:31:17,656 INFO o.a.j.t.JMeterThread: Thread finished: Platform Threads - 500 users 3-27
2026-04-29 18:31:17,680 INFO o.a.j.t.JMeterThread: Thread started: Virtual Threads - 500 users 4-27
2026-04-29 18:31:17,685 INFO o.a.j.t.JMeterThread: Thread is done: Virtual Threads - 500 users 4-27
2026-04-29 18:31:17,685 INFO o.a.j.t.JMeterThread: Thread finished: Virtual Threads - 500 users 4-27
2026-04-29 18:31:17,697 INFO o.a.j.t.JMeterThread: Thread started: Platform Threads - 500 users 3-28
2026-04-29 18:31:17,702 INFO o.a.j.t.JMeterThread: Thread is done: Platform Threads - 500 users 3-28
2026-04-29 18:31:17,702 INFO o.a.j.t.JMeterThread: Thread finished: Platform Threads - 500 users 3-28
2026-04-29 18:31:17,731 INFO o.a.j.t.JMeterThread: Thread started: Virtual Threads - 500 users 4-28
2026-04-29 18:31:17,737 INFO o.a.j.t.JMeterThread: Thread is done: Virtual Threads - 500 users 4-28
2026-04-29 18:31:17,737 INFO o.a.j.t.JMeterThread: Thread finished: Virtual Threads - 500 users 4-28
2026-04-29 18:31:17,746 INFO o.a.j.t.JMeterThread: Thread started: Platform Threads - 500 users 3-29
2026-04-29 18:31:17,753 INFO o.a.j.t.JMeterThread: Thread is done: Platform Threads - 500 users 3-29
2026-04-29 18:31:17,754 INFO o.a.j.t.JMeterThread: Thread finished: Platform Threads - 500 users 3-29
2026-04-29 18:31:17,783 INFO o.a.j.t.JMeterThread: Thread started: Virtual Threads - 500 users 4-29
2026-04-29 18:31:17,789 INFO o.a.j.t.JMeterThread: Thread is done: Virtual Threads - 500 users 4-29
2026-04-29 18:31:17,789 INFO o.a.j.t.JMeterThread: Thread finished: Virtual Threads - 500 users 4-29
2026-04-29 18:31:17,797 INFO o.a.j.t.JMeterThread: Thread started: Platform Threads - 500 users 3-30
2026-04-29 18:31:17,804 INFO o.a.j.t.JMeterThread: Thread is done: Platform Threads - 500 users 3-30
2026-04-29 18:31:17,804 INFO o.a.j.t.JMeterThread: Thread finished: Platform Threads - 500 users 3-30
2026-04-29 18:31:17,830 INFO o.a.j.t.JMeterThread: Thread started: Virtual Threads - 500 users 4-30
2026-04-29 18:31:17,834 INFO o.a.j.t.JMeterThread: Thread is done: Virtual Threads - 500 users 4-30
2026-04-29 18:31:17,834 INFO o.a.j.t.JMeterThread: Thread finished: Virtual Threads - 500 users 4-30
2026-04-29 18:31:17,846 INFO o.a.j.t.JMeterThread: Thread started: Platform Threads - 500 users 3-31
2026-04-29 18:31:17,853 INFO o.a.j.t.JMeterThread: Thread is done: Platform Threads - 500 users 3-31
2026-04-29 18:31:17,853 INFO o.a.j.t.JMeterThread: Thread finished: Platform Threads - 500 users 3-31
2026-04-29 18:31:17,878 INFO o.a.j.t.JMeterThread: Thread started: Virtual Threads - 500 users 4-31
2026-04-29 18:31:17,883 INFO o.a.j.t.JMeterThread: Thread is done: Virtual Threads - 500 users 4-31
2026-04-29 18:31:17,883 INFO o.a.j.t.JMeterThread: Thread finished: Virtual Threads - 500 users 4-31
2026-04-29 18:31:17,900 INFO o.a.j.t.JMeterThread: Thread started: Platform Threads - 500 users 3-32
2026-04-29 18:31:17,907 INFO o.a.j.t.JMeterThread: Thread is done: Platform Threads - 500 users 3-32
2026-04-29 18:31:17,907 INFO o.a.j.t.JMeterThread: Thread finished: Platform Threads - 500 users 3-32
2026-04-29 18:31:17,933 INFO o.a.j.t.JMeterThread: Thread started: Virtual Threads - 500 users 4-32
2026-04-29 18:31:17,938 INFO o.a.j.t.JMeterThread: Thread is done: Virtual Threads - 500 users 4-32
2026-04-29 18:31:17,938 INFO o.a.j.t.JMeterThread: Thread finished: Virtual Threads - 500 users 4-32
2026-04-29 18:31:17,949 INFO o.a.j.t.JMeterThread: Thread started: Platform Threads - 500 users 3-33
2026-04-29 18:31:17,955 INFO o.a.j.t.JMeterThread: Thread is done: Platform Threads - 500 users 3-33
2026-04-29 18:31:17,956 INFO o.a.j.t.JMeterThread: Thread finished: Platform Threads - 500 users 3-33
2026-04-29 18:31:17,978 INFO o.a.j.t.JMeterThread: Thread started: Virtual Threads - 500 users 4-33
2026-04-29 18:31:17,983 INFO o.a.j.t.JMeterThread: Thread is done: Virtual Threads - 500 users 4-33
2026-04-29 18:31:17,983 INFO o.a.j.t.JMeterThread: Thread finished: Virtual Threads - 500 users 4-33
2026-04-29 18:31:17,997 INFO o.a.j.t.JMeterThread: Thread started: Platform Threads - 500 users 3-34
2026-04-29 18:31:18,003 INFO o.a.j.t.JMeterThread: Thread is done: Platform Threads - 500 users 3-34
2026-04-29 18:31:18,003 INFO o.a.j.t.JMeterThread: Thread finished: Platform Threads - 500 users 3-34
2026-04-29 18:31:18,031 INFO o.a.j.t.JMeterThread: Thread started: Virtual Threads - 500 users 4-34
2026-04-29 18:31:18,037 INFO o.a.j.t.JMeterThread: Thread is done: Virtual Threads - 500 users 4-34
2026-04-29 18:31:18,038 INFO o.a.j.t.JMeterThread: Thread finished: Virtual Threads - 500 users 4-34
2026-04-29 18:31:18,048 INFO o.a.j.t.JMeterThread: Thread started: Platform Threads - 500 users 3-35
2026-04-29 18:31:18,057 INFO o.a.j.t.JMeterThread: Thread is done: Platform Threads - 500 users 3-35
2026-04-29 18:31:18,057 INFO o.a.j.t.JMeterThread: Thread finished: Platform Threads - 500 users 3-35
2026-04-29 18:31:18,078 INFO o.a.j.t.JMeterThread: Thread started: Virtual Threads - 500 users 4-35
2026-04-29 18:31:18,083 INFO o.a.j.t.JMeterThread: Thread is done: Virtual Threads - 500 users 4-35
2026-04-29 18:31:18,083 INFO o.a.j.t.JMeterThread: Thread finished: Virtual Threads - 500 users 4-35
2026-04-29 18:31:18,100 INFO o.a.j.t.JMeterThread: Thread started: Platform Threads - 500 users 3-36
2026-04-29 18:31:18,107 INFO o.a.j.t.JMeterThread: Thread is done: Platform Threads - 500 users 3-36
2026-04-29 18:31:18,107 INFO o.a.j.t.JMeterThread: Thread finished: Platform Threads - 500 users 3-36
2026-04-29 18:31:18,130 INFO o.a.j.t.JMeterThread: Thread started: Virtual Threads - 500 users 4-36
2026-04-29 18:31:18,135 INFO o.a.j.t.JMeterThread: Thread is done: Virtual Threads - 500 users 4-36
2026-04-29 18:31:18,135 INFO o.a.j.t.JMeterThread: Thread finished: Virtual Threads - 500 users 4-36
2026-04-29 18:31:18,146 INFO o.a.j.t.JMeterThread: Thread started: Platform Threads - 500 users 3-37
2026-04-29 18:31:18,156 INFO o.a.j.t.JMeterThread: Thread is done: Platform Threads - 500 users 3-37
2026-04-29 18:31:18,156 INFO o.a.j.t.JMeterThread: Thread finished: Platform Threads - 500 users 3-37
2026-04-29 18:31:18,181 INFO o.a.j.t.JMeterThread: Thread started: Virtual Threads - 500 users 4-37
2026-04-29 18:31:18,185 INFO o.a.j.t.JMeterThread: Thread is done: Virtual Threads - 500 users 4-37
2026-04-29 18:31:18,185 INFO o.a.j.t.JMeterThread: Thread finished: Virtual Threads - 500 users 4-37
2026-04-29 18:31:18,198 INFO o.a.j.t.JMeterThread: Thread started: Platform Threads - 500 users 3-38
2026-04-29 18:31:18,206 INFO o.a.j.t.JMeterThread: Thread is done: Platform Threads - 500 users 3-38
2026-04-29 18:31:18,207 INFO o.a.j.t.JMeterThread: Thread finished: Platform Threads - 500 users 3-38
2026-04-29 18:31:18,231 INFO o.a.j.t.JMeterThread: Thread started: Virtual Threads - 500 users 4-38
2026-04-29 18:31:18,236 INFO o.a.j.t.JMeterThread: Thread is done: Virtual Threads - 500 users 4-38
2026-04-29 18:31:18,236 INFO o.a.j.t.JMeterThread: Thread finished: Virtual Threads - 500 users 4-38
2026-04-29 18:31:18,250 INFO o.a.j.t.JMeterThread: Thread started: Platform Threads - 500 users 3-39
2026-04-29 18:31:18,258 INFO o.a.j.t.JMeterThread: Thread is done: Platform Threads - 500 users 3-39
2026-04-29 18:31:18,259 INFO o.a.j.t.JMeterThread: Thread finished: Platform Threads - 500 users 3-39
2026-04-29 18:31:18,281 INFO o.a.j.t.JMeterThread: Thread started: Virtual Threads - 500 users 4-39
2026-04-29 18:31:18,286 INFO o.a.j.t.JMeterThread: Thread is done: Virtual Threads - 500 users 4-39
2026-04-29 18:31:18,287 INFO o.a.j.t.JMeterThread: Thread finished: Virtual Threads - 500 users 4-39
2026-04-29 18:31:18,299 INFO o.a.j.t.JMeterThread: Thread started: Platform Threads - 500 users 3-40
2026-04-29 18:31:18,307 INFO o.a.j.t.JMeterThread: Thread is done: Platform Threads - 500 users 3-40
2026-04-29 18:31:18,307 INFO o.a.j.t.JMeterThread: Thread finished: Platform Threads - 500 users 3-40
2026-04-29 18:31:18,328 INFO o.a.j.t.JMeterThread: Thread started: Virtual Threads - 500 users 4-40
2026-04-29 18:31:18,334 INFO o.a.j.t.JMeterThread: Thread is done: Virtual Threads - 500 users 4-40
2026-04-29 18:31:18,334 INFO o.a.j.t.JMeterThread: Thread finished: Virtual Threads - 500 users 4-40
2026-04-29 18:31:18,347 INFO o.a.j.t.JMeterThread: Thread started: Platform Threads - 500 users 3-41
2026-04-29 18:31:18,354 INFO o.a.j.t.JMeterThread: Thread is done: Platform Threads - 500 users 3-41
2026-04-29 18:31:18,355 INFO o.a.j.t.JMeterThread: Thread finished: Platform Threads - 500 users 3-41
2026-04-29 18:31:18,379 INFO o.a.j.t.JMeterThread: Thread started: Virtual Threads - 500 users 4-41
2026-04-29 18:31:18,383 INFO o.a.j.t.JMeterThread: Thread is done: Virtual Threads - 500 users 4-41
2026-04-29 18:31:18,383 INFO o.a.j.t.JMeterThread: Thread finished: Virtual Threads - 500 users 4-41
2026-04-29 18:31:18,398 INFO o.a.j.t.JMeterThread: Thread started: Platform Threads - 500 users 3-42
2026-04-29 18:31:18,405 INFO o.a.j.t.JMeterThread: Thread is done: Platform Threads - 500 users 3-42
2026-04-29 18:31:18,405 INFO o.a.j.t.JMeterThread: Thread finished: Platform Threads - 500 users 3-42
2026-04-29 18:31:18,429 INFO o.a.j.t.JMeterThread: Thread started: Virtual Threads - 500 users 4-42
2026-04-29 18:31:18,433 INFO o.a.j.t.JMeterThread: Thread is done: Virtual Threads - 500 users 4-42
2026-04-29 18:31:18,433 INFO o.a.j.t.JMeterThread: Thread finished: Virtual Threads - 500 users 4-42
2026-04-29 18:31:18,449 INFO o.a.j.t.JMeterThread: Thread started: Platform Threads - 500 users 3-43
2026-04-29 18:31:18,459 INFO o.a.j.t.JMeterThread: Thread is done: Platform Threads - 500 users 3-43
2026-04-29 18:31:18,459 INFO o.a.j.t.JMeterThread: Thread finished: Platform Threads - 500 users 3-43
2026-04-29 18:31:18,478 INFO o.a.j.t.JMeterThread: Thread started: Virtual Threads - 500 users 4-43
2026-04-29 18:31:18,482 INFO o.a.j.t.JMeterThread: Thread is done: Virtual Threads - 500 users 4-43
2026-04-29 18:31:18,483 INFO o.a.j.t.JMeterThread: Thread finished: Virtual Threads - 500 users 4-43
2026-04-29 18:31:18,501 INFO o.a.j.t.JMeterThread: Thread started: Platform Threads - 500 users 3-44
2026-04-29 18:31:18,508 INFO o.a.j.t.JMeterThread: Thread is done: Platform Threads - 500 users 3-44
2026-04-29 18:31:18,508 INFO o.a.j.t.JMeterThread: Thread finished: Platform Threads - 500 users 3-44
2026-04-29 18:31:18,528 INFO o.a.j.t.JMeterThread: Thread started: Virtual Threads - 500 users 4-44
2026-04-29 18:31:18,532 INFO o.a.j.t.JMeterThread: Thread is done: Virtual Threads - 500 users 4-44
2026-04-29 18:31:18,532 INFO o.a.j.t.JMeterThread: Thread finished: Virtual Threads - 500 users 4-44
2026-04-29 18:31:18,550 INFO o.a.j.t.JMeterThread: Thread started: Platform Threads - 500 users 3-45
2026-04-29 18:31:18,560 INFO o.a.j.t.JMeterThread: Thread is done: Platform Threads - 500 users 3-45
2026-04-29 18:31:18,560 INFO o.a.j.t.JMeterThread: Thread finished: Platform Threads - 500 users 3-45
2026-04-29 18:31:18,579 INFO o.a.j.t.JMeterThread: Thread started: Virtual Threads - 500 users 4-45
2026-04-29 18:31:18,585 INFO o.a.j.t.JMeterThread: Thread is done: Virtual Threads - 500 users 4-45
2026-04-29 18:31:18,586 INFO o.a.j.t.JMeterThread: Thread finished: Virtual Threads - 500 users 4-45
2026-04-29 18:31:18,600 INFO o.a.j.t.JMeterThread: Thread started: Platform Threads - 500 users 3-46
2026-04-29 18:31:18,607 INFO o.a.j.t.JMeterThread: Thread is done: Platform Threads - 500 users 3-46
2026-04-29 18:31:18,607 INFO o.a.j.t.JMeterThread: Thread finished: Platform Threads - 500 users 3-46
2026-04-29 18:31:18,628 INFO o.a.j.t.JMeterThread: Thread started: Virtual Threads - 500 users 4-46
2026-04-29 18:31:18,635 INFO o.a.j.t.JMeterThread: Thread is done: Virtual Threads - 500 users 4-46
2026-04-29 18:31:18,635 INFO o.a.j.t.JMeterThread: Thread finished: Virtual Threads - 500 users 4-46
2026-04-29 18:31:18,651 INFO o.a.j.t.JMeterThread: Thread started: Platform Threads - 500 users 3-47
2026-04-29 18:31:18,660 INFO o.a.j.t.JMeterThread: Thread is done: Platform Threads - 500 users 3-47
2026-04-29 18:31:18,660 INFO o.a.j.t.JMeterThread: Thread finished: Platform Threads - 500 users 3-47
2026-04-29 18:31:18,679 INFO o.a.j.t.JMeterThread: Thread started: Virtual Threads - 500 users 4-47
2026-04-29 18:31:18,685 INFO o.a.j.t.JMeterThread: Thread is done: Virtual Threads - 500 users 4-47
2026-04-29 18:31:18,685 INFO o.a.j.t.JMeterThread: Thread finished: Virtual Threads - 500 users 4-47
2026-04-29 18:31:18,701 INFO o.a.j.t.JMeterThread: Thread started: Platform Threads - 500 users 3-48
2026-04-29 18:31:18,709 INFO o.a.j.t.JMeterThread: Thread is done: Platform Threads - 500 users 3-48
2026-04-29 18:31:18,709 INFO o.a.j.t.JMeterThread: Thread finished: Platform Threads - 500 users 3-48
2026-04-29 18:31:18,734 INFO o.a.j.t.JMeterThread: Thread started: Virtual Threads - 500 users 4-48
2026-04-29 18:31:18,742 INFO o.a.j.t.JMeterThread: Thread is done: Virtual Threads - 500 users 4-48
2026-04-29 18:31:18,742 INFO o.a.j.t.JMeterThread: Thread finished: Virtual Threads - 500 users 4-48
2026-04-29 18:31:18,746 INFO o.a.j.t.JMeterThread: Thread started: Platform Threads - 500 users 3-49
2026-04-29 18:31:18,826 INFO o.a.j.t.JMeterThread: Thread started: Platform Threads - 500 users 3-50
2026-04-29 18:31:18,826 INFO o.a.j.t.JMeterThread: Thread started: Virtual Threads - 500 users 4-49
2026-04-29 18:31:18,828 INFO o.a.j.t.JMeterThread: Thread is done: Platform Threads - 500 users 3-49
2026-04-29 18:31:18,829 INFO o.a.j.t.JMeterThread: Thread finished: Platform Threads - 500 users 3-49
2026-04-29 18:31:18,829 INFO o.a.j.t.JMeterThread: Thread started: Virtual Threads - 500 users 4-50
2026-04-29 18:31:18,834 INFO o.a.j.t.JMeterThread: Thread is done: Virtual Threads - 500 users 4-49
2026-04-29 18:31:18,834 INFO o.a.j.t.JMeterThread: Thread is done: Platform Threads - 500 users 3-50
2026-04-29 18:31:18,834 INFO o.a.j.t.JMeterThread: Thread finished: Virtual Threads - 500 users 4-49
2026-04-29 18:31:18,834 INFO o.a.j.t.JMeterThread: Thread finished: Platform Threads - 500 users 3-50
2026-04-29 18:31:18,835 INFO o.a.j.t.JMeterThread: Thread is done: Virtual Threads - 500 users 4-50
2026-04-29 18:31:18,835 INFO o.a.j.t.JMeterThread: Thread finished: Virtual Threads - 500 users 4-50
2026-04-29 18:31:18,853 INFO o.a.j.t.JMeterThread: Thread started: Platform Threads - 500 users 3-51
2026-04-29 18:31:18,865 INFO o.a.j.t.JMeterThread: Thread is done: Platform Threads - 500 users 3-51
2026-04-29 18:31:18,865 INFO o.a.j.t.JMeterThread: Thread finished: Platform Threads - 500 users 3-51
2026-04-29 18:31:18,879 INFO o.a.j.t.JMeterThread: Thread started: Virtual Threads - 500 users 4-51
2026-04-29 18:31:18,884 INFO o.a.j.t.JMeterThread: Thread is done: Virtual Threads - 500 users 4-51
2026-04-29 18:31:18,884 INFO o.a.j.t.JMeterThread: Thread finished: Virtual Threads - 500 users 4-51
2026-04-29 18:31:18,898 INFO o.a.j.t.JMeterThread: Thread started: Platform Threads - 500 users 3-52
2026-04-29 18:31:18,903 INFO o.a.j.t.JMeterThread: Thread is done: Platform Threads - 500 users 3-52
2026-04-29 18:31:18,903 INFO o.a.j.t.JMeterThread: Thread finished: Platform Threads - 500 users 3-52
2026-04-29 18:31:18,932 INFO o.a.j.t.JMeterThread: Thread started: Virtual Threads - 500 users 4-52
2026-04-29 18:31:18,938 INFO o.a.j.t.JMeterThread: Thread is done: Virtual Threads - 500 users 4-52
2026-04-29 18:31:18,938 INFO o.a.j.t.JMeterThread: Thread finished: Virtual Threads - 500 users 4-52
2026-04-29 18:31:18,946 INFO o.a.j.t.JMeterThread: Thread started: Platform Threads - 500 users 3-53
2026-04-29 18:31:18,951 INFO o.a.j.t.JMeterThread: Thread is done: Platform Threads - 500 users 3-53
2026-04-29 18:31:18,951 INFO o.a.j.t.JMeterThread: Thread finished: Platform Threads - 500 users 3-53
2026-04-29 18:31:18,983 INFO o.a.j.t.JMeterThread: Thread started: Virtual Threads - 500 users 4-53
2026-04-29 18:31:18,988 INFO o.a.j.t.JMeterThread: Thread is done: Virtual Threads - 500 users 4-53
2026-04-29 18:31:18,988 INFO o.a.j.t.JMeterThread: Thread finished: Virtual Threads - 500 users 4-53
2026-04-29 18:31:18,997 INFO o.a.j.t.JMeterThread: Thread started: Platform Threads - 500 users 3-54
2026-04-29 18:31:19,004 INFO o.a.j.t.JMeterThread: Thread is done: Platform Threads - 500 users 3-54
2026-04-29 18:31:19,004 INFO o.a.j.t.JMeterThread: Thread finished: Platform Threads - 500 users 3-54
2026-04-29 18:31:19,031 INFO o.a.j.t.JMeterThread: Thread started: Virtual Threads - 500 users 4-54
2026-04-29 18:31:19,036 INFO o.a.j.t.JMeterThread: Thread is done: Virtual Threads - 500 users 4-54
2026-04-29 18:31:19,036 INFO o.a.j.t.JMeterThread: Thread finished: Virtual Threads - 500 users 4-54
2026-04-29 18:31:19,047 INFO o.a.j.t.JMeterThread: Thread started: Platform Threads - 500 users 3-55
2026-04-29 18:31:19,056 INFO o.a.j.t.JMeterThread: Thread is done: Platform Threads - 500 users 3-55
2026-04-29 18:31:19,056 INFO o.a.j.t.JMeterThread: Thread finished: Platform Threads - 500 users 3-55
2026-04-29 18:31:19,081 INFO o.a.j.t.JMeterThread: Thread started: Virtual Threads - 500 users 4-55
2026-04-29 18:31:19,085 INFO o.a.j.t.JMeterThread: Thread is done: Virtual Threads - 500 users 4-55
2026-04-29 18:31:19,085 INFO o.a.j.t.JMeterThread: Thread finished: Virtual Threads - 500 users 4-55
2026-04-29 18:31:19,099 INFO o.a.j.t.JMeterThread: Thread started: Platform Threads - 500 users 3-56
2026-04-29 18:31:19,106 INFO o.a.j.t.JMeterThread: Thread is done: Platform Threads - 500 users 3-56
2026-04-29 18:31:19,106 INFO o.a.j.t.JMeterThread: Thread finished: Platform Threads - 500 users 3-56
2026-04-29 18:31:19,132 INFO o.a.j.t.JMeterThread: Thread started: Virtual Threads - 500 users 4-56
2026-04-29 18:31:19,136 INFO o.a.j.t.JMeterThread: Thread is done: Virtual Threads - 500 users 4-56
2026-04-29 18:31:19,136 INFO o.a.j.t.JMeterThread: Thread finished: Virtual Threads - 500 users 4-56
2026-04-29 18:31:19,149 INFO o.a.j.t.JMeterThread: Thread started: Platform Threads - 500 users 3-57
2026-04-29 18:31:19,156 INFO o.a.j.t.JMeterThread: Thread is done: Platform Threads - 500 users 3-57
2026-04-29 18:31:19,156 INFO o.a.j.t.JMeterThread: Thread finished: Platform Threads - 500 users 3-57
2026-04-29 18:31:19,180 INFO o.a.j.t.JMeterThread: Thread started: Virtual Threads - 500 users 4-57
2026-04-29 18:31:19,184 INFO o.a.j.t.JMeterThread: Thread is done: Virtual Threads - 500 users 4-57
2026-04-29 18:31:19,184 INFO o.a.j.t.JMeterThread: Thread finished: Virtual Threads - 500 users 4-57
2026-04-29 18:31:19,200 INFO o.a.j.t.JMeterThread: Thread started: Platform Threads - 500 users 3-58
2026-04-29 18:31:19,208 INFO o.a.j.t.JMeterThread: Thread is done: Platform Threads - 500 users 3-58
2026-04-29 18:31:19,208 INFO o.a.j.t.JMeterThread: Thread finished: Platform Threads - 500 users 3-58
2026-04-29 18:31:19,231 INFO o.a.j.t.JMeterThread: Thread started: Virtual Threads - 500 users 4-58
2026-04-29 18:31:19,236 INFO o.a.j.t.JMeterThread: Thread is done: Virtual Threads - 500 users 4-58
2026-04-29 18:31:19,237 INFO o.a.j.t.JMeterThread: Thread finished: Virtual Threads - 500 users 4-58
2026-04-29 18:31:19,249 INFO o.a.j.t.JMeterThread: Thread started: Platform Threads - 500 users 3-59
2026-04-29 18:31:19,259 INFO o.a.j.t.JMeterThread: Thread is done: Platform Threads - 500 users 3-59
2026-04-29 18:31:19,259 INFO o.a.j.t.JMeterThread: Thread finished: Platform Threads - 500 users 3-59
2026-04-29 18:31:19,280 INFO o.a.j.t.JMeterThread: Thread started: Virtual Threads - 500 users 4-59
2026-04-29 18:31:19,286 INFO o.a.j.t.JMeterThread: Thread is done: Virtual Threads - 500 users 4-59
2026-04-29 18:31:19,286 INFO o.a.j.t.JMeterThread: Thread finished: Virtual Threads - 500 users 4-59
2026-04-29 18:31:19,301 INFO o.a.j.t.JMeterThread: Thread started: Platform Threads - 500 users 3-60
2026-04-29 18:31:19,308 INFO o.a.j.t.JMeterThread: Thread is done: Platform Threads - 500 users 3-60
2026-04-29 18:31:19,308 INFO o.a.j.t.JMeterThread: Thread finished: Platform Threads - 500 users 3-60
2026-04-29 18:31:19,331 INFO o.a.j.t.JMeterThread: Thread started: Virtual Threads - 500 users 4-60
2026-04-29 18:31:19,336 INFO o.a.j.t.JMeterThread: Thread is done: Virtual Threads - 500 users 4-60
2026-04-29 18:31:19,336 INFO o.a.j.t.JMeterThread: Thread finished: Virtual Threads - 500 users 4-60
2026-04-29 18:31:19,346 INFO o.a.j.t.JMeterThread: Thread started: Platform Threads - 500 users 3-61
2026-04-29 18:31:19,353 INFO o.a.j.t.JMeterThread: Thread is done: Platform Threads - 500 users 3-61
2026-04-29 18:31:19,353 INFO o.a.j.t.JMeterThread: Thread finished: Platform Threads - 500 users 3-61
2026-04-29 18:31:19,380 INFO o.a.j.t.JMeterThread: Thread started: Virtual Threads - 500 users 4-61
2026-04-29 18:31:19,385 INFO o.a.j.t.JMeterThread: Thread is done: Virtual Threads - 500 users 4-61
2026-04-29 18:31:19,385 INFO o.a.j.t.JMeterThread: Thread finished: Virtual Threads - 500 users 4-61
2026-04-29 18:31:19,399 INFO o.a.j.t.JMeterThread: Thread started: Platform Threads - 500 users 3-62
2026-04-29 18:31:19,407 INFO o.a.j.t.JMeterThread: Thread is done: Platform Threads - 500 users 3-62
2026-04-29 18:31:19,407 INFO o.a.j.t.JMeterThread: Thread finished: Platform Threads - 500 users 3-62
2026-04-29 18:31:19,432 INFO o.a.j.t.JMeterThread: Thread started: Virtual Threads - 500 users 4-62
2026-04-29 18:31:19,439 INFO o.a.j.t.JMeterThread: Thread is done: Virtual Threads - 500 users 4-62
2026-04-29 18:31:19,439 INFO o.a.j.t.JMeterThread: Thread finished: Virtual Threads - 500 users 4-62
2026-04-29 18:31:19,451 INFO o.a.j.t.JMeterThread: Thread started: Platform Threads - 500 users 3-63
2026-04-29 18:31:19,458 INFO o.a.j.t.JMeterThread: Thread is done: Platform Threads - 500 users 3-63
2026-04-29 18:31:19,458 INFO o.a.j.t.JMeterThread: Thread finished: Platform Threads - 500 users 3-63
2026-04-29 18:31:19,479 INFO o.a.j.t.JMeterThread: Thread started: Virtual Threads - 500 users 4-63
2026-04-29 18:31:19,483 INFO o.a.j.t.JMeterThread: Thread is done: Virtual Threads - 500 users 4-63
2026-04-29 18:31:19,484 INFO o.a.j.t.JMeterThread: Thread finished: Virtual Threads - 500 users 4-63
2026-04-29 18:31:19,497 INFO o.a.j.t.JMeterThread: Thread started: Platform Threads - 500 users 3-64
2026-04-29 18:31:19,506 INFO o.a.j.t.JMeterThread: Thread is done: Platform Threads - 500 users 3-64
2026-04-29 18:31:19,506 INFO o.a.j.t.JMeterThread: Thread finished: Platform Threads - 500 users 3-64
2026-04-29 18:31:19,532 INFO o.a.j.t.JMeterThread: Thread started: Virtual Threads - 500 users 4-64
2026-04-29 18:31:19,537 INFO o.a.j.t.JMeterThread: Thread is done: Virtual Threads - 500 users 4-64
2026-04-29 18:31:19,537 INFO o.a.j.t.JMeterThread: Thread finished: Virtual Threads - 500 users 4-64
2026-04-29 18:31:19,548 INFO o.a.j.t.JMeterThread: Thread started: Platform Threads - 500 users 3-65
2026-04-29 18:31:19,556 INFO o.a.j.t.JMeterThread: Thread is done: Platform Threads - 500 users 3-65
2026-04-29 18:31:19,556 INFO o.a.j.t.JMeterThread: Thread finished: Platform Threads - 500 users 3-65
2026-04-29 18:31:19,579 INFO o.a.j.t.JMeterThread: Thread started: Virtual Threads - 500 users 4-65
2026-04-29 18:31:19,583 INFO o.a.j.t.JMeterThread: Thread is done: Virtual Threads - 500 users 4-65
2026-04-29 18:31:19,583 INFO o.a.j.t.JMeterThread: Thread finished: Virtual Threads - 500 users 4-65
2026-04-29 18:31:19,596 INFO o.a.j.t.JMeterThread: Thread started: Platform Threads - 500 users 3-66
2026-04-29 18:31:19,604 INFO o.a.j.t.JMeterThread: Thread is done: Platform Threads - 500 users 3-66
2026-04-29 18:31:19,604 INFO o.a.j.t.JMeterThread: Thread finished: Platform Threads - 500 users 3-66
2026-04-29 18:31:19,631 INFO o.a.j.t.JMeterThread: Thread started: Virtual Threads - 500 users 4-66
2026-04-29 18:31:19,641 INFO o.a.j.t.JMeterThread: Thread is done: Virtual Threads - 500 users 4-66
2026-04-29 18:31:19,641 INFO o.a.j.t.JMeterThread: Thread finished: Virtual Threads - 500 users 4-66
2026-04-29 18:31:19,648 INFO o.a.j.t.JMeterThread: Thread started: Platform Threads - 500 users 3-67
2026-04-29 18:31:19,655 INFO o.a.j.t.JMeterThread: Thread is done: Platform Threads - 500 users 3-67
2026-04-29 18:31:19,655 INFO o.a.j.t.JMeterThread: Thread finished: Platform Threads - 500 users 3-67
2026-04-29 18:31:19,683 INFO o.a.j.t.JMeterThread: Thread started: Virtual Threads - 500 users 4-67
2026-04-29 18:31:19,689 INFO o.a.j.t.JMeterThread: Thread is done: Virtual Threads - 500 users 4-67
2026-04-29 18:31:19,689 INFO o.a.j.t.JMeterThread: Thread finished: Virtual Threads - 500 users 4-67
2026-04-29 18:31:19,697 INFO o.a.j.t.JMeterThread: Thread started: Platform Threads - 500 users 3-68
2026-04-29 18:31:19,704 INFO o.a.j.t.JMeterThread: Thread is done: Platform Threads - 500 users 3-68
2026-04-29 18:31:19,704 INFO o.a.j.t.JMeterThread: Thread finished: Platform Threads - 500 users 3-68
2026-04-29 18:31:19,733 INFO o.a.j.t.JMeterThread: Thread started: Virtual Threads - 500 users 4-68
2026-04-29 18:31:19,739 INFO o.a.j.t.JMeterThread: Thread is done: Virtual Threads - 500 users 4-68
2026-04-29 18:31:19,739 INFO o.a.j.t.JMeterThread: Thread finished: Virtual Threads - 500 users 4-68
2026-04-29 18:31:19,750 INFO o.a.j.t.JMeterThread: Thread started: Platform Threads - 500 users 3-69
2026-04-29 18:31:19,757 INFO o.a.j.t.JMeterThread: Thread is done: Platform Threads - 500 users 3-69
2026-04-29 18:31:19,757 INFO o.a.j.t.JMeterThread: Thread finished: Platform Threads - 500 users 3-69
2026-04-29 18:31:19,779 INFO o.a.j.t.JMeterThread: Thread started: Virtual Threads - 500 users 4-69
2026-04-29 18:31:19,783 INFO o.a.j.t.JMeterThread: Thread is done: Virtual Threads - 500 users 4-69
2026-04-29 18:31:19,783 INFO o.a.j.t.JMeterThread: Thread finished: Virtual Threads - 500 users 4-69
2026-04-29 18:31:19,797 INFO o.a.j.t.JMeterThread: Thread started: Platform Threads - 500 users 3-70
2026-04-29 18:31:19,804 INFO o.a.j.t.JMeterThread: Thread is done: Platform Threads - 500 users 3-70
2026-04-29 18:31:19,804 INFO o.a.j.t.JMeterThread: Thread finished: Platform Threads - 500 users 3-70
2026-04-29 18:31:19,832 INFO o.a.j.t.JMeterThread: Thread started: Virtual Threads - 500 users 4-70
2026-04-29 18:31:19,836 INFO o.a.j.t.JMeterThread: Thread is done: Virtual Threads - 500 users 4-70
2026-04-29 18:31:19,836 INFO o.a.j.t.JMeterThread: Thread finished: Virtual Threads - 500 users 4-70
2026-04-29 18:31:19,847 INFO o.a.j.t.JMeterThread: Thread started: Platform Threads - 500 users 3-71
2026-04-29 18:31:19,856 INFO o.a.j.t.JMeterThread: Thread is done: Platform Threads - 500 users 3-71
2026-04-29 18:31:19,856 INFO o.a.j.t.JMeterThread: Thread finished: Platform Threads - 500 users 3-71
2026-04-29 18:31:19,882 INFO o.a.j.t.JMeterThread: Thread started: Virtual Threads - 500 users 4-71
2026-04-29 18:31:19,887 INFO o.a.j.t.JMeterThread: Thread is done: Virtual Threads - 500 users 4-71
2026-04-29 18:31:19,887 INFO o.a.j.t.JMeterThread: Thread finished: Virtual Threads - 500 users 4-71
2026-04-29 18:31:19,898 INFO o.a.j.t.JMeterThread: Thread started: Platform Threads - 500 users 3-72
2026-04-29 18:31:19,906 INFO o.a.j.t.JMeterThread: Thread is done: Platform Threads - 500 users 3-72
2026-04-29 18:31:19,906 INFO o.a.j.t.JMeterThread: Thread finished: Platform Threads - 500 users 3-72
2026-04-29 18:31:19,929 INFO o.a.j.t.JMeterThread: Thread started: Virtual Threads - 500 users 4-72
2026-04-29 18:31:19,934 INFO o.a.j.t.JMeterThread: Thread is done: Virtual Threads - 500 users 4-72
2026-04-29 18:31:19,934 INFO o.a.j.t.JMeterThread: Thread finished: Virtual Threads - 500 users 4-72
2026-04-29 18:31:19,946 INFO o.a.j.t.JMeterThread: Thread started: Platform Threads - 500 users 3-73
2026-04-29 18:31:19,954 INFO o.a.j.t.JMeterThread: Thread is done: Platform Threads - 500 users 3-73
2026-04-29 18:31:19,954 INFO o.a.j.t.JMeterThread: Thread finished: Platform Threads - 500 users 3-73
2026-04-29 18:31:19,980 INFO o.a.j.t.JMeterThread: Thread started: Virtual Threads - 500 users 4-73
2026-04-29 18:31:19,984 INFO o.a.j.t.JMeterThread: Thread is done: Virtual Threads - 500 users 4-73
2026-04-29 18:31:19,984 INFO o.a.j.t.JMeterThread: Thread finished: Virtual Threads - 500 users 4-73
2026-04-29 18:31:19,999 INFO o.a.j.t.JMeterThread: Thread started: Platform Threads - 500 users 3-74
2026-04-29 18:31:20,007 INFO o.a.j.t.JMeterThread: Thread is done: Platform Threads - 500 users 3-74
2026-04-29 18:31:20,007 INFO o.a.j.t.JMeterThread: Thread finished: Platform Threads - 500 users 3-74
2026-04-29 18:31:20,033 INFO o.a.j.t.JMeterThread: Thread started: Virtual Threads - 500 users 4-74
2026-04-29 18:31:20,038 INFO o.a.j.t.JMeterThread: Thread is done: Virtual Threads - 500 users 4-74
2026-04-29 18:31:20,038 INFO o.a.j.t.JMeterThread: Thread finished: Virtual Threads - 500 users 4-74
2026-04-29 18:31:20,049 INFO o.a.j.t.JMeterThread: Thread started: Platform Threads - 500 users 3-75
2026-04-29 18:31:20,057 INFO o.a.j.t.JMeterThread: Thread is done: Platform Threads - 500 users 3-75
2026-04-29 18:31:20,057 INFO o.a.j.t.JMeterThread: Thread finished: Platform Threads - 500 users 3-75
2026-04-29 18:31:20,080 INFO o.a.j.t.JMeterThread: Thread started: Virtual Threads - 500 users 4-75
2026-04-29 18:31:20,085 INFO o.a.j.t.JMeterThread: Thread is done: Virtual Threads - 500 users 4-75
2026-04-29 18:31:20,085 INFO o.a.j.t.JMeterThread: Thread finished: Virtual Threads - 500 users 4-75
2026-04-29 18:31:20,100 INFO o.a.j.t.JMeterThread: Thread started: Platform Threads - 500 users 3-76
2026-04-29 18:31:20,107 INFO o.a.j.t.JMeterThread: Thread is done: Platform Threads - 500 users 3-76
2026-04-29 18:31:20,107 INFO o.a.j.t.JMeterThread: Thread finished: Platform Threads - 500 users 3-76
2026-04-29 18:31:20,131 INFO o.a.j.t.JMeterThread: Thread started: Virtual Threads - 500 users 4-76
2026-04-29 18:31:20,136 INFO o.a.j.t.JMeterThread: Thread is done: Virtual Threads - 500 users 4-76
2026-04-29 18:31:20,136 INFO o.a.j.t.JMeterThread: Thread finished: Virtual Threads - 500 users 4-76
2026-04-29 18:31:20,149 INFO o.a.j.t.JMeterThread: Thread started: Platform Threads - 500 users 3-77
2026-04-29 18:31:20,157 INFO o.a.j.t.JMeterThread: Thread is done: Platform Threads - 500 users 3-77
2026-04-29 18:31:20,157 INFO o.a.j.t.JMeterThread: Thread finished: Platform Threads - 500 users 3-77
2026-04-29 18:31:20,183 INFO o.a.j.t.JMeterThread: Thread started: Virtual Threads - 500 users 4-77
2026-04-29 18:31:20,189 INFO o.a.j.t.JMeterThread: Thread is done: Virtual Threads - 500 users 4-77
2026-04-29 18:31:20,189 INFO o.a.j.t.JMeterThread: Thread finished: Virtual Threads - 500 users 4-77
2026-04-29 18:31:20,198 INFO o.a.j.t.JMeterThread: Thread started: Platform Threads - 500 users 3-78
2026-04-29 18:31:20,205 INFO o.a.j.t.JMeterThread: Thread is done: Platform Threads - 500 users 3-78
2026-04-29 18:31:20,205 INFO o.a.j.t.JMeterThread: Thread finished: Platform Threads - 500 users 3-78
2026-04-29 18:31:20,231 INFO o.a.j.t.JMeterThread: Thread started: Virtual Threads - 500 users 4-78
2026-04-29 18:31:20,236 INFO o.a.j.t.JMeterThread: Thread is done: Virtual Threads - 500 users 4-78
2026-04-29 18:31:20,236 INFO o.a.j.t.JMeterThread: Thread finished: Virtual Threads - 500 users 4-78
2026-04-29 18:31:20,250 INFO o.a.j.t.JMeterThread: Thread started: Platform Threads - 500 users 3-79
2026-04-29 18:31:20,257 INFO o.a.j.t.JMeterThread: Thread is done: Platform Threads - 500 users 3-79
2026-04-29 18:31:20,257 INFO o.a.j.t.JMeterThread: Thread finished: Platform Threads - 500 users 3-79
2026-04-29 18:31:20,282 INFO o.a.j.t.JMeterThread: Thread started: Virtual Threads - 500 users 4-79
2026-04-29 18:31:20,288 INFO o.a.j.t.JMeterThread: Thread is done: Virtual Threads - 500 users 4-79
2026-04-29 18:31:20,288 INFO o.a.j.t.JMeterThread: Thread finished: Virtual Threads - 500 users 4-79
2026-04-29 18:31:20,300 INFO o.a.j.t.JMeterThread: Thread started: Platform Threads - 500 users 3-80
2026-04-29 18:31:20,307 INFO o.a.j.t.JMeterThread: Thread is done: Platform Threads - 500 users 3-80
2026-04-29 18:31:20,307 INFO o.a.j.t.JMeterThread: Thread finished: Platform Threads - 500 users 3-80
2026-04-29 18:31:20,329 INFO o.a.j.t.JMeterThread: Thread started: Virtual Threads - 500 users 4-80
2026-04-29 18:31:20,333 INFO o.a.j.t.JMeterThread: Thread is done: Virtual Threads - 500 users 4-80
2026-04-29 18:31:20,333 INFO o.a.j.t.JMeterThread: Thread finished: Virtual Threads - 500 users 4-80
2026-04-29 18:31:20,350 INFO o.a.j.t.JMeterThread: Thread started: Platform Threads - 500 users 3-81
2026-04-29 18:31:20,357 INFO o.a.j.t.JMeterThread: Thread is done: Platform Threads - 500 users 3-81
2026-04-29 18:31:20,357 INFO o.a.j.t.JMeterThread: Thread finished: Platform Threads - 500 users 3-81
2026-04-29 18:31:20,381 INFO o.a.j.t.JMeterThread: Thread started: Virtual Threads - 500 users 4-81
2026-04-29 18:31:20,386 INFO o.a.j.t.JMeterThread: Thread is done: Virtual Threads - 500 users 4-81
2026-04-29 18:31:20,386 INFO o.a.j.t.JMeterThread: Thread finished: Virtual Threads - 500 users 4-81
2026-04-29 18:31:20,397 INFO o.a.j.t.JMeterThread: Thread started: Platform Threads - 500 users 3-82
2026-04-29 18:31:20,406 INFO o.a.j.t.JMeterThread: Thread is done: Platform Threads - 500 users 3-82
2026-04-29 18:31:20,406 INFO o.a.j.t.JMeterThread: Thread finished: Platform Threads - 500 users 3-82
2026-04-29 18:31:20,431 INFO o.a.j.t.JMeterThread: Thread started: Virtual Threads - 500 users 4-82
2026-04-29 18:31:20,445 INFO o.a.j.t.JMeterThread: Thread is done: Virtual Threads - 500 users 4-82
2026-04-29 18:31:20,445 INFO o.a.j.t.JMeterThread: Thread finished: Virtual Threads - 500 users 4-82
2026-04-29 18:31:20,446 INFO o.a.j.t.JMeterThread: Thread started: Platform Threads - 500 users 3-83
2026-04-29 18:31:20,456 INFO o.a.j.t.JMeterThread: Thread is done: Platform Threads - 500 users 3-83
2026-04-29 18:31:20,456 INFO o.a.j.t.JMeterThread: Thread finished: Platform Threads - 500 users 3-83
2026-04-29 18:31:20,477 INFO o.a.j.t.JMeterThread: Thread started: Virtual Threads - 500 users 4-83
2026-04-29 18:31:20,482 INFO o.a.j.t.JMeterThread: Thread is done: Virtual Threads - 500 users 4-83
2026-04-29 18:31:20,482 INFO o.a.j.t.JMeterThread: Thread finished: Virtual Threads - 500 users 4-83
2026-04-29 18:31:20,496 INFO o.a.j.t.JMeterThread: Thread started: Platform Threads - 500 users 3-84
2026-04-29 18:31:20,507 INFO o.a.j.t.JMeterThread: Thread is done: Platform Threads - 500 users 3-84
2026-04-29 18:31:20,507 INFO o.a.j.t.JMeterThread: Thread finished: Platform Threads - 500 users 3-84
2026-04-29 18:31:20,532 INFO o.a.j.t.JMeterThread: Thread started: Virtual Threads - 500 users 4-84
2026-04-29 18:31:20,538 INFO o.a.j.t.JMeterThread: Thread is done: Virtual Threads - 500 users 4-84
2026-04-29 18:31:20,538 INFO o.a.j.t.JMeterThread: Thread finished: Virtual Threads - 500 users 4-84
2026-04-29 18:31:20,550 INFO o.a.j.t.JMeterThread: Thread started: Platform Threads - 500 users 3-85
2026-04-29 18:31:20,558 INFO o.a.j.t.JMeterThread: Thread is done: Platform Threads - 500 users 3-85
2026-04-29 18:31:20,558 INFO o.a.j.t.JMeterThread: Thread finished: Platform Threads - 500 users 3-85
2026-04-29 18:31:20,579 INFO o.a.j.t.JMeterThread: Thread started: Virtual Threads - 500 users 4-85
2026-04-29 18:31:20,584 INFO o.a.j.t.JMeterThread: Thread is done: Virtual Threads - 500 users 4-85
2026-04-29 18:31:20,584 INFO o.a.j.t.JMeterThread: Thread finished: Virtual Threads - 500 users 4-85
2026-04-29 18:31:20,600 INFO o.a.j.t.JMeterThread: Thread started: Platform Threads - 500 users 3-86
2026-04-29 18:31:20,609 INFO o.a.j.t.JMeterThread: Thread is done: Platform Threads - 500 users 3-86
2026-04-29 18:31:20,609 INFO o.a.j.t.JMeterThread: Thread finished: Platform Threads - 500 users 3-86
2026-04-29 18:31:20,632 INFO o.a.j.t.JMeterThread: Thread started: Virtual Threads - 500 users 4-86
2026-04-29 18:31:20,638 INFO o.a.j.t.JMeterThread: Thread is done: Virtual Threads - 500 users 4-86
2026-04-29 18:31:20,638 INFO o.a.j.t.JMeterThread: Thread finished: Virtual Threads - 500 users 4-86
2026-04-29 18:31:20,650 INFO o.a.j.t.JMeterThread: Thread started: Platform Threads - 500 users 3-87
2026-04-29 18:31:20,657 INFO o.a.j.t.JMeterThread: Thread is done: Platform Threads - 500 users 3-87
2026-04-29 18:31:20,657 INFO o.a.j.t.JMeterThread: Thread finished: Platform Threads - 500 users 3-87
2026-04-29 18:31:20,678 INFO o.a.j.t.JMeterThread: Thread started: Virtual Threads - 500 users 4-87
2026-04-29 18:31:20,684 INFO o.a.j.t.JMeterThread: Thread is done: Virtual Threads - 500 users 4-87
2026-04-29 18:31:20,684 INFO o.a.j.t.JMeterThread: Thread finished: Virtual Threads - 500 users 4-87
2026-04-29 18:31:20,701 INFO o.a.j.t.JMeterThread: Thread started: Platform Threads - 500 users 3-88
2026-04-29 18:31:20,708 INFO o.a.j.t.JMeterThread: Thread is done: Platform Threads - 500 users 3-88
2026-04-29 18:31:20,708 INFO o.a.j.t.JMeterThread: Thread finished: Platform Threads - 500 users 3-88
2026-04-29 18:31:20,731 INFO o.a.j.t.JMeterThread: Thread started: Virtual Threads - 500 users 4-88
2026-04-29 18:31:20,739 INFO o.a.j.t.JMeterThread: Thread is done: Virtual Threads - 500 users 4-88
2026-04-29 18:31:20,739 INFO o.a.j.t.JMeterThread: Thread finished: Virtual Threads - 500 users 4-88
2026-04-29 18:31:20,750 INFO o.a.j.t.JMeterThread: Thread started: Platform Threads - 500 users 3-89
2026-04-29 18:31:20,758 INFO o.a.j.t.JMeterThread: Thread is done: Platform Threads - 500 users 3-89
2026-04-29 18:31:20,758 INFO o.a.j.t.JMeterThread: Thread finished: Platform Threads - 500 users 3-89
2026-04-29 18:31:20,783 INFO o.a.j.t.JMeterThread: Thread started: Virtual Threads - 500 users 4-89
2026-04-29 18:31:20,792 INFO o.a.j.t.JMeterThread: Thread is done: Virtual Threads - 500 users 4-89
2026-04-29 18:31:20,792 INFO o.a.j.t.JMeterThread: Thread finished: Virtual Threads - 500 users 4-89
2026-04-29 18:31:20,800 INFO o.a.j.t.JMeterThread: Thread started: Platform Threads - 500 users 3-90
2026-04-29 18:31:20,807 INFO o.a.j.t.JMeterThread: Thread is done: Platform Threads - 500 users 3-90
2026-04-29 18:31:20,807 INFO o.a.j.t.JMeterThread: Thread finished: Platform Threads - 500 users 3-90
2026-04-29 18:31:20,833 INFO o.a.j.t.JMeterThread: Thread started: Virtual Threads - 500 users 4-90
2026-04-29 18:31:20,845 INFO o.a.j.t.JMeterThread: Thread is done: Virtual Threads - 500 users 4-90
2026-04-29 18:31:20,845 INFO o.a.j.t.JMeterThread: Thread finished: Virtual Threads - 500 users 4-90
2026-04-29 18:31:20,850 INFO o.a.j.t.JMeterThread: Thread started: Platform Threads - 500 users 3-91
2026-04-29 18:31:20,857 INFO o.a.j.t.JMeterThread: Thread is done: Platform Threads - 500 users 3-91
2026-04-29 18:31:20,857 INFO o.a.j.t.JMeterThread: Thread finished: Platform Threads - 500 users 3-91
2026-04-29 18:31:20,883 INFO o.a.j.t.JMeterThread: Thread started: Virtual Threads - 500 users 4-91
2026-04-29 18:31:20,893 INFO o.a.j.t.JMeterThread: Thread is done: Virtual Threads - 500 users 4-91
2026-04-29 18:31:20,894 INFO o.a.j.t.JMeterThread: Thread finished: Virtual Threads - 500 users 4-91
2026-04-29 18:31:20,901 INFO o.a.j.t.JMeterThread: Thread started: Platform Threads - 500 users 3-92
2026-04-29 18:31:20,909 INFO o.a.j.t.JMeterThread: Thread is done: Platform Threads - 500 users 3-92
2026-04-29 18:31:20,909 INFO o.a.j.t.JMeterThread: Thread finished: Platform Threads - 500 users 3-92
2026-04-29 18:31:20,932 INFO o.a.j.t.JMeterThread: Thread started: Virtual Threads - 500 users 4-92
2026-04-29 18:31:20,937 INFO o.a.j.t.JMeterThread: Thread is done: Virtual Threads - 500 users 4-92
2026-04-29 18:31:20,938 INFO o.a.j.t.JMeterThread: Thread finished: Virtual Threads - 500 users 4-92
2026-04-29 18:31:20,946 INFO o.a.j.t.JMeterThread: Thread started: Platform Threads - 500 users 3-93
2026-04-29 18:31:20,956 INFO o.a.j.t.JMeterThread: Thread is done: Platform Threads - 500 users 3-93
2026-04-29 18:31:20,956 INFO o.a.j.t.JMeterThread: Thread finished: Platform Threads - 500 users 3-93
2026-04-29 18:31:20,981 INFO o.a.j.t.JMeterThread: Thread started: Virtual Threads - 500 users 4-93
2026-04-29 18:31:20,988 INFO o.a.j.t.JMeterThread: Thread is done: Virtual Threads - 500 users 4-93
2026-04-29 18:31:20,988 INFO o.a.j.t.JMeterThread: Thread finished: Virtual Threads - 500 users 4-93
2026-04-29 18:31:20,996 INFO o.a.j.t.JMeterThread: Thread started: Platform Threads - 500 users 3-94
2026-04-29 18:31:21,004 INFO o.a.j.t.JMeterThread: Thread is done: Platform Threads - 500 users 3-94
2026-04-29 18:31:21,004 INFO o.a.j.t.JMeterThread: Thread finished: Platform Threads - 500 users 3-94
2026-04-29 18:31:21,031 INFO o.a.j.t.JMeterThread: Thread started: Virtual Threads - 500 users 4-94
2026-04-29 18:31:21,038 INFO o.a.j.t.JMeterThread: Thread is done: Virtual Threads - 500 users 4-94
2026-04-29 18:31:21,038 INFO o.a.j.t.JMeterThread: Thread finished: Virtual Threads - 500 users 4-94
2026-04-29 18:31:21,047 INFO o.a.j.t.JMeterThread: Thread started: Platform Threads - 500 users 3-95
2026-04-29 18:31:21,056 INFO o.a.j.t.JMeterThread: Thread is done: Platform Threads - 500 users 3-95
2026-04-29 18:31:21,056 INFO o.a.j.t.JMeterThread: Thread finished: Platform Threads - 500 users 3-95
2026-04-29 18:31:21,083 INFO o.a.j.t.JMeterThread: Thread started: Virtual Threads - 500 users 4-95
2026-04-29 18:31:21,087 INFO o.a.j.t.JMeterThread: Thread is done: Virtual Threads - 500 users 4-95
2026-04-29 18:31:21,087 INFO o.a.j.t.JMeterThread: Thread finished: Virtual Threads - 500 users 4-95
2026-04-29 18:31:21,097 INFO o.a.j.t.JMeterThread: Thread started: Platform Threads - 500 users 3-96
2026-04-29 18:31:21,106 INFO o.a.j.t.JMeterThread: Thread is done: Platform Threads - 500 users 3-96
2026-04-29 18:31:21,106 INFO o.a.j.t.JMeterThread: Thread finished: Platform Threads - 500 users 3-96
2026-04-29 18:31:21,133 INFO o.a.j.t.JMeterThread: Thread started: Virtual Threads - 500 users 4-96
2026-04-29 18:31:21,139 INFO o.a.j.t.JMeterThread: Thread is done: Virtual Threads - 500 users 4-96
2026-04-29 18:31:21,139 INFO o.a.j.t.JMeterThread: Thread finished: Virtual Threads - 500 users 4-96
2026-04-29 18:31:21,147 INFO o.a.j.t.JMeterThread: Thread started: Platform Threads - 500 users 3-97
2026-04-29 18:31:21,155 INFO o.a.j.t.JMeterThread: Thread is done: Platform Threads - 500 users 3-97
2026-04-29 18:31:21,155 INFO o.a.j.t.JMeterThread: Thread finished: Platform Threads - 500 users 3-97
2026-04-29 18:31:21,180 INFO o.a.j.t.JMeterThread: Thread started: Virtual Threads - 500 users 4-97
2026-04-29 18:31:21,186 INFO o.a.j.t.JMeterThread: Thread is done: Virtual Threads - 500 users 4-97
2026-04-29 18:31:21,186 INFO o.a.j.t.JMeterThread: Thread finished: Virtual Threads - 500 users 4-97
2026-04-29 18:31:21,197 INFO o.a.j.t.JMeterThread: Thread started: Platform Threads - 500 users 3-98
2026-04-29 18:31:21,205 INFO o.a.j.t.JMeterThread: Thread is done: Platform Threads - 500 users 3-98
2026-04-29 18:31:21,205 INFO o.a.j.t.JMeterThread: Thread finished: Platform Threads - 500 users 3-98
2026-04-29 18:31:21,231 INFO o.a.j.t.JMeterThread: Thread started: Virtual Threads - 500 users 4-98
2026-04-29 18:31:21,238 INFO o.a.j.t.JMeterThread: Thread is done: Virtual Threads - 500 users 4-98
2026-04-29 18:31:21,238 INFO o.a.j.t.JMeterThread: Thread finished: Virtual Threads - 500 users 4-98
2026-04-29 18:31:21,250 INFO o.a.j.t.JMeterThread: Thread started: Platform Threads - 500 users 3-99
2026-04-29 18:31:21,257 INFO o.a.j.t.JMeterThread: Thread is done: Platform Threads - 500 users 3-99
2026-04-29 18:31:21,257 INFO o.a.j.t.JMeterThread: Thread finished: Platform Threads - 500 users 3-99
2026-04-29 18:31:21,282 INFO o.a.j.t.JMeterThread: Thread started: Virtual Threads - 500 users 4-99
2026-04-29 18:31:21,286 INFO o.a.j.t.JMeterThread: Thread is done: Virtual Threads - 500 users 4-99
2026-04-29 18:31:21,286 INFO o.a.j.t.JMeterThread: Thread finished: Virtual Threads - 500 users 4-99
2026-04-29 18:31:21,301 INFO o.a.j.t.JMeterThread: Thread started: Platform Threads - 500 users 3-100
2026-04-29 18:31:21,308 INFO o.a.j.t.JMeterThread: Thread is done: Platform Threads - 500 users 3-100
2026-04-29 18:31:21,308 INFO o.a.j.t.JMeterThread: Thread finished: Platform Threads - 500 users 3-100
2026-04-29 18:31:21,328 INFO o.a.j.t.JMeterThread: Thread started: Virtual Threads - 500 users 4-100
2026-04-29 18:31:21,333 INFO o.a.j.t.JMeterThread: Thread is done: Virtual Threads - 500 users 4-100
2026-04-29 18:31:21,333 INFO o.a.j.t.JMeterThread: Thread finished: Virtual Threads - 500 users 4-100
2026-04-29 18:31:21,333 INFO o.a.j.e.StandardJMeterEngine: Notifying test listeners of end of test
2026-04-29 18:31:21,336 INFO o.a.j.r.Summariser: summary =   4000 in 00:00:05 =  785.5/s Avg:     2 Min:     0 Max:    93 Err:  4000 (100.00%)
2026-04-29 18:31:21,336 INFO o.a.j.JMeter: Generating Dashboard
2026-04-29 18:31:21,336 INFO o.a.j.r.d.ReportGenerator: Flushing result collector before report Generation
2026-04-29 18:31:21,354 INFO o.a.j.r.p.NormalizerSampleConsumer: Using format, 'ms', to parse timeStamp field
2026-04-29 18:31:21,892 INFO o.a.j.r.p.AbstractSampleConsumer: class org.apache.jmeter.report.processor.AggregateConsumer#stopProducing(): beginDate produced 0 samples
2026-04-29 18:31:21,893 INFO o.a.j.r.p.AbstractSampleConsumer: class org.apache.jmeter.report.processor.AggregateConsumer#stopProducing(): endDate produced 0 samples
2026-04-29 18:31:21,896 INFO o.a.j.r.p.AbstractSampleConsumer: class org.apache.jmeter.report.processor.ApdexSummaryConsumer#stopProducing(): apdexSummary produced 0 samples
2026-04-29 18:31:21,896 INFO o.a.j.r.p.AbstractSampleConsumer: class org.apache.jmeter.report.processor.RequestsSummaryConsumer#stopProducing(): requestsSummary produced 0 samples
2026-04-29 18:31:21,905 INFO o.a.j.r.p.AbstractSampleConsumer: class org.apache.jmeter.report.processor.StatisticsSummaryConsumer#stopProducing(): statisticsSummary produced 0 samples
2026-04-29 18:31:21,908 INFO o.a.j.r.p.AbstractSampleConsumer: class org.apache.jmeter.report.processor.Top5ErrorsBySamplerConsumer#stopProducing(): top5ErrorsBySampler produced 0 samples
2026-04-29 18:31:21,908 INFO o.a.j.r.p.AbstractSampleConsumer: class org.apache.jmeter.report.processor.ErrorsSummaryConsumer#stopProducing(): errorsSummary produced 0 samples
2026-04-29 18:31:21,908 INFO o.a.j.r.p.AbstractSampleConsumer: class org.apache.jmeter.report.processor.graph.impl.HitsPerSecondGraphConsumer#stopProducing(): hitsPerSecond produced 0 samples
2026-04-29 18:31:22,045 INFO o.a.j.r.p.AbstractSampleConsumer: class org.apache.jmeter.report.processor.graph.impl.LatencyVSRequestGraphConsumer#stopProducing(): latencyVsRequest produced 0 samples
2026-04-29 18:31:22,046 INFO o.a.j.r.p.AbstractSampleConsumer: class org.apache.jmeter.report.processor.graph.impl.SyntheticResponseTimeDistributionGraphConsumer#stopProducing(): syntheticResponseTimeDistribution produced 0 samples
2026-04-29 18:31:22,046 INFO o.a.j.r.p.AbstractSampleConsumer: class org.apache.jmeter.report.processor.graph.impl.BytesThroughputGraphConsumer#stopProducing(): bytesThroughputOverTime produced 0 samples
2026-04-29 18:31:22,046 INFO o.a.j.r.p.AbstractSampleConsumer: class org.apache.jmeter.report.processor.graph.impl.CodesPerSecondGraphConsumer#stopProducing(): codesPerSecond produced 0 samples
2026-04-29 18:31:22,127 INFO o.a.j.r.p.AbstractSampleConsumer: class org.apache.jmeter.report.processor.graph.impl.ResponseTimeVSRequestGraphConsumer#stopProducing(): responseTimeVsRequest produced 0 samples
2026-04-29 18:31:22,128 INFO o.a.j.r.p.AbstractSampleConsumer: class org.apache.jmeter.report.processor.FilterConsumer#stopProducing(): startIntervalControlerFilter produced 28000 samples
2026-04-29 18:31:22,128 INFO o.a.j.r.p.AbstractSampleConsumer: class org.apache.jmeter.report.processor.graph.impl.TotalTPSGraphConsumer#stopProducing(): totalTPS produced 0 samples
2026-04-29 18:31:22,128 INFO o.a.j.r.p.AbstractSampleConsumer: class org.apache.jmeter.report.processor.graph.impl.ActiveThreadsGraphConsumer#stopProducing(): activeThreadsOverTime produced 0 samples
2026-04-29 18:31:22,128 INFO o.a.j.r.p.AbstractSampleConsumer: class org.apache.jmeter.report.processor.graph.impl.TimeVSThreadGraphConsumer#stopProducing(): timeVsThreads produced 0 samples
2026-04-29 18:31:22,128 INFO o.a.j.r.p.AbstractSampleConsumer: class org.apache.jmeter.report.processor.graph.impl.ResponseTimeDistributionGraphConsumer#stopProducing(): responseTimeDistribution produced 0 samples
2026-04-29 18:31:22,128 INFO o.a.j.r.p.AbstractSampleConsumer: class org.apache.jmeter.report.processor.graph.impl.TransactionsPerSecondGraphConsumer#stopProducing(): transactionsPerSecond produced 0 samples
2026-04-29 18:31:22,129 INFO o.a.j.r.p.AbstractSampleConsumer: class org.apache.jmeter.report.processor.graph.impl.ResponseTimePercentilesGraphConsumer#stopProducing(): responseTimePercentiles produced 0 samples
2026-04-29 18:31:22,130 INFO o.a.j.r.p.AbstractSampleConsumer: class org.apache.jmeter.report.processor.graph.impl.ResponseTimePercentilesOverTimeGraphConsumer#stopProducing(): responseTimePercentilesOverTime produced 0 samples
2026-04-29 18:31:22,130 INFO o.a.j.r.p.AbstractSampleConsumer: class org.apache.jmeter.report.processor.graph.impl.ResponseTimeOverTimeGraphConsumer#stopProducing(): responseTimesOverTime produced 0 samples
2026-04-29 18:31:22,130 INFO o.a.j.r.p.AbstractSampleConsumer: class org.apache.jmeter.report.processor.graph.impl.ConnectTimeOverTimeGraphConsumer#stopProducing(): connectTimeOverTime produced 0 samples
2026-04-29 18:31:22,130 INFO o.a.j.r.p.AbstractSampleConsumer: class org.apache.jmeter.report.processor.graph.impl.LatencyOverTimeGraphConsumer#stopProducing(): latenciesOverTime produced 0 samples
2026-04-29 18:31:22,130 INFO o.a.j.r.p.AbstractSampleConsumer: class org.apache.jmeter.report.processor.FilterConsumer#stopProducing(): nameFilter produced 60000 samples
2026-04-29 18:31:22,130 INFO o.a.j.r.p.AbstractSampleConsumer: class org.apache.jmeter.report.processor.FilterConsumer#stopProducing(): dateRangeFilter produced 12000 samples
2026-04-29 18:31:22,130 INFO o.a.j.r.p.AbstractSampleConsumer: class org.apache.jmeter.report.processor.NormalizerSampleConsumer#stopProducing(): normalizer produced 4000 samples
2026-04-29 18:31:22,131 INFO o.a.j.r.p.CsvFileSampleSource: produce(): 4000 samples produced in 748ms on channel 0
2026-04-29 18:31:22,131 INFO o.a.j.r.d.ReportGenerator: Exporting data using exporter:'json' of className:'org.apache.jmeter.report.dashboard.JsonExporter'
2026-04-29 18:31:22,244 INFO o.a.j.r.d.JsonExporter: Found data for consumer statisticsSummary in context
2026-04-29 18:31:22,245 INFO o.a.j.r.d.JsonExporter: Creating statistics for overall
2026-04-29 18:31:22,245 INFO o.a.j.r.d.JsonExporter: Creating statistics for other transactions
2026-04-29 18:31:22,246 INFO o.a.j.r.d.JsonExporter: Checking output folder
2026-04-29 18:31:22,246 INFO o.a.j.r.d.JsonExporter: Writing statistics JSON to /Users/mac2019/Desktop/pos/html-report/statistics.json
2026-04-29 18:31:22,301 INFO o.a.j.r.d.ReportGenerator: Exporting data using exporter:'html' of className:'org.apache.jmeter.report.dashboard.HtmlTemplateExporter'
2026-04-29 18:31:22,304 INFO o.a.j.r.d.HtmlTemplateExporter: Will generate dashboard in folder: /Users/mac2019/Desktop/pos/html-report
2026-04-29 18:31:22,459 INFO o.a.j.r.d.HtmlTemplateExporter: Report will be generated in: /Users/mac2019/Desktop/pos/html-report, creating folder structure
2026-04-29 18:31:22,463 INFO o.a.j.r.d.TemplateVisitor: Copying folder from '/usr/local/Cellar/jmeter/5.6.3/libexec/bin/report-template' to '/Users/mac2019/Desktop/pos/html-report', got message: /Users/mac2019/Desktop/pos/html-report, found non empty folder with following content [/Users/mac2019/Desktop/pos/html-report/statistics.json], will be ignored
2026-04-29 18:31:22,850 INFO o.a.j.JMeter: Dashboard generated
